time,open,high,low,close,tick_volume,spread,real_volume,ema_89,time_sin,time_cos,price_diff,trendline
2019-08-05,1440.29,1469.72,1436.67,1463.72,111163,15,0,1463.72,0.0,1.0,,
2019-08-06,1467.57,1474.81,1456.33,1474.27,98081,15,0,1463.9544444444443,0.0,1.0,10.549999999999955,
2019-08-07,1474.58,1510.33,1472.18,1501.25,134373,15,0,1464.783234567901,0.0,1.0,26.980000000000018,
2019-08-08,1498.84,1509.53,1489.97,1500.88,101100,15,0,1465.5853849108364,0.0,1.0,-0.36999999999989086,
2019-08-09,1506.34,1508.09,1494.74,1497.02,88737,15,0,1466.2839319128177,0.0,1.0,-3.8600000000001273,
2019-08-12,1496.05,1519.99,1487.2,1511.72,77110,15,0,1467.293622314755,0.0,1.0,14.700000000000045,
2019-08-13,1510.51,1534.95,1479.77,1501.35,121062,15,0,1468.0504307077604,0.0,1.0,-10.370000000000118,
2019-08-14,1501.62,1524.03,1493.78,1516.18,121466,14,0,1469.1199766920324,0.0,1.0,14.830000000000155,
2019-08-15,1518.59,1526.97,1507.81,1523.42,135399,14,0,1470.3266438766539,0.0,1.0,7.240000000000009,
2019-08-16,1521.85,1527.97,1503.63,1512.1,87768,14,0,1471.2549406793948,0.0,1.0,-11.320000000000164,
2019-08-19,1509.43,1512.9,1493.18,1495.79,77501,14,0,1471.8001642198528,0.0,1.0,-16.309999999999945,
2019-08-20,1496.54,1508.55,1492.93,1507.36,63548,14,0,1472.590382792745,0.0,1.0,11.569999999999936,
2019-08-21,1506.52,1508.03,1496.43,1502.31,61239,14,0,1473.250818730684,0.0,1.0,-5.0499999999999545,
2019-08-22,1501.86,1504.55,1492.43,1498.16,66041,14,0,1473.8043560922242,0.0,1.0,-4.149999999999864,
2019-08-23,1498.54,1530.2,1493.47,1526.25,98456,14,0,1474.9698148457303,0.0,1.0,28.089999999999918,
2019-08-26,1545.74,1555.21,1524.93,1527.38,127966,14,0,1476.1344856269363,0.0,1.0,1.1300000000001091,
2019-08-27,1527.27,1544.65,1525.63,1542.63,83672,14,0,1477.6121637241156,0.0,1.0,15.25,
2019-08-28,1540.96,1546.83,1531.79,1541.01,89182,14,0,1479.0210045302463,0.0,1.0,-1.6200000000001182,
2019-08-29,1539.02,1550.3,1519.52,1526.87,107263,14,0,1480.084315540685,0.0,1.0,-14.1400000000001,
2019-08-30,1527.53,1533.11,1516.93,1520.55,92368,14,0,1480.9835529731142,0.0,1.0,-6.319999999999936,
2019-09-02,1529.39,1533.77,1519.22,1528.96,50614,14,0,1482.0496962403784,0.0,1.0,8.410000000000082,
2019-09-03,1526.91,1549.68,1521.61,1548.7,100722,14,0,1483.5308141017033,0.0,1.0,19.74000000000001,
2019-09-04,1546.53,1556.98,1533.78,1552.6,95612,14,0,1485.065684899443,0.0,1.0,3.8999999999998636,
2019-09-05,1551.44,1552.95,1506.19,1518.89,103092,14,0,1485.8173363461221,0.0,1.0,-33.70999999999981,
2019-09-06,1518.45,1527.81,1502.47,1506.38,109340,14,0,1486.2742844273193,0.0,1.0,-12.509999999999991,
2019-09-09,1503.51,1515.43,1497.54,1498.81,81607,14,0,1486.5528558844899,0.0,1.0,-7.570000000000164,
2019-09-10,1498.32,1500.97,1484.45,1485.77,87411,14,0,1486.5354590870566,0.0,1.0,-13.039999999999964,
2019-09-11,1486.28,1498.23,1485.99,1496.52,66314,14,0,1486.757337774011,0.0,1.0,10.75,
2019-09-12,1496.74,1524.13,1489.16,1498.97,93718,14,0,1487.028730267922,0.0,1.0,2.4500000000000455,
2019-09-13,1497.62,1508.94,1485.71,1488.55,73329,14,0,1487.062536261968,0.0,1.0,-10.420000000000073,
2019-09-16,1500.71,1512.09,1495.83,1498.4,84660,14,0,1487.3144799005909,0.0,1.0,9.850000000000136,
2019-09-17,1498.49,1507.03,1493.39,1501.32,67403,14,0,1487.6257136805777,0.0,1.0,2.9199999999998454,
2019-09-18,1501.47,1511.54,1482.97,1493.24,65272,14,0,1487.7504755987873,0.0,1.0,-8.079999999999927,
2019-09-19,1492.89,1504.45,1488.92,1498.47,74260,14,0,1487.9886872521477,0.0,1.0,5.230000000000018,
2019-09-20,1499.19,1517.01,1497.89,1516.27,60729,14,0,1488.6171608687666,0.0,1.0,17.799999999999955,
2019-09-23,1512.63,1526.77,1511.48,1522.12,71616,14,0,1489.3616684050162,0.0,1.0,5.849999999999909,
2019-09-24,1523.09,1535.63,1515.55,1531.17,77381,14,0,1490.2907424404602,0.0,1.0,9.050000000000182,
2019-09-25,1533.29,1535.08,1500.4,1503.64,84604,14,0,1490.5873926084498,0.0,1.0,-27.529999999999973,
2019-09-26,1503.66,1512.25,1500.25,1504.56,74798,14,0,1490.8978949949287,0.0,1.0,0.9199999999998454,
2019-09-27,1503.95,1507.34,1486.79,1496.61,87365,14,0,1491.0248306617082,0.0,1.0,-7.9500000000000455,
2019-09-30,1496.25,1500.41,1464.43,1472.29,85679,14,0,1490.6085010914478,0.0,1.0,-24.319999999999936,
2019-10-01,1472.93,1487.19,1459.03,1479.38,91422,14,0,1490.3589788449713,0.0,1.0,7.0900000000001455,
2019-10-02,1480.06,1505.02,1474.44,1499.92,90625,14,0,1490.5714459817495,0.0,1.0,20.539999999999964,
2019-10-03,1498.96,1519.48,1495.76,1504.83,93063,14,0,1490.8883027377105,0.0,1.0,4.9099999999998545,
2019-10-04,1506.04,1515.54,1495.77,1504.5,88317,14,0,1491.1907848990948,0.0,1.0,-0.32999999999992724,
2019-10-07,1508.53,1509.25,1487.97,1493.27,86523,14,0,1491.236989679115,0.0,1.0,-11.230000000000018,
2019-10-08,1493.37,1509.65,1486.81,1505.48,107974,14,0,1491.553501019579,0.0,1.0,12.210000000000036,
2019-10-09,1506.45,1512.34,1499.8,1505.42,86218,14,0,1491.8616454413661,0.0,1.0,-0.05999999999994543,
2019-10-10,1505.7,1516.98,1491.02,1493.39,115499,14,0,1491.8956088760026,0.0,1.0,-12.029999999999973,
2019-10-11,1494.46,1503.13,1473.93,1487.93,118368,14,0,1491.8074842343135,0.0,1.0,-5.460000000000036,
2019-10-14,1486.43,1497.06,1482.77,1493.03,74909,14,0,1491.8346512513288,0.0,1.0,5.099999999999909,
2019-10-15,1492.37,1498.53,1477.13,1481.0,85309,14,0,1491.5938812235213,0.0,1.0,-12.029999999999973,
2019-10-16,1481.09,1491.51,1476.96,1489.52,91869,14,0,1491.5477949741098,0.0,1.0,8.519999999999982,
2019-10-17,1489.99,1497.31,1483.37,1492.23,81532,14,0,1491.5629550857961,0.0,1.0,2.7100000000000364,
2019-10-18,1491.98,1494.17,1484.81,1489.93,72019,14,0,1491.5266671950005,0.0,1.0,-2.2999999999999545,
2019-10-21,1491.65,1495.17,1481.42,1484.06,73746,14,0,1491.3607412573338,0.0,1.0,-5.870000000000118,
2019-10-22,1484.53,1488.93,1480.78,1487.77,69834,14,0,1491.2809470071707,0.0,1.0,3.7100000000000364,
2019-10-23,1487.93,1496.23,1487.62,1491.75,65293,14,0,1491.2913704070113,0.0,1.0,3.980000000000018,
2019-10-24,1491.33,1503.96,1487.93,1502.9,67974,14,0,1491.5493399535221,0.0,1.0,11.150000000000091,
2019-10-25,1503.03,1517.93,1500.55,1504.16,76377,14,0,1491.8295768434439,0.0,1.0,1.259999999999991,
2019-10-28,1503.29,1508.17,1489.93,1492.54,76826,14,0,1491.8453640247005,0.0,1.0,-11.620000000000118,
2019-10-29,1491.81,1494.71,1483.33,1487.9,73054,14,0,1491.757689268596,0.0,1.0,-4.639999999999873,
2019-10-30,1487.39,1496.52,1481.08,1495.6,74557,14,0,1491.843073951516,0.0,1.0,7.699999999999818,
2019-10-31,1495.77,1514.19,1493.89,1512.13,70127,14,0,1492.2938945303713,0.0,1.0,16.5300000000002,
2019-11-01,1512.49,1516.09,1503.22,1513.9,72696,14,0,1492.7740302074742,0.0,1.0,1.7699999999999818,
2019-11-04,1512.69,1514.77,1504.34,1509.48,60931,14,0,1493.1452739806414,0.0,1.0,-4.420000000000073,
2019-11-05,1508.83,1509.61,1479.31,1483.78,86931,14,0,1492.9371567810715,0.0,1.0,-25.700000000000045,
2019-11-06,1483.71,1494.13,1482.91,1490.14,70392,14,0,1492.874997741492,0.0,1.0,6.360000000000127,
2019-11-07,1489.79,1492.21,1460.46,1468.52,100691,14,0,1492.3337755694588,0.0,1.0,-21.62000000000012,
2019-11-08,1468.11,1472.87,1456.12,1458.72,83604,14,0,1491.5868027790264,0.0,1.0,-9.799999999999955,
2019-11-11,1460.22,1466.36,1448.15,1455.65,62464,14,0,1490.7882071617146,0.0,1.0,-3.0699999999999363,
2019-11-12,1454.99,1460.32,1445.57,1456.3,88273,14,0,1490.021802558121,0.0,1.0,0.6499999999998636,
2019-11-13,1457.29,1467.0,1456.64,1463.26,84024,14,0,1489.4270958346071,0.0,1.0,6.960000000000036,
2019-11-14,1463.99,1474.55,1461.07,1470.97,79413,14,0,1489.0169381493936,0.0,1.0,7.710000000000036,
2019-11-15,1471.22,1471.31,1462.37,1467.37,63220,14,0,1488.5358950794068,0.0,1.0,-3.6000000000001364,
2019-11-18,1467.85,1473.89,1456.28,1470.78,65688,14,0,1488.1413196331978,0.0,1.0,3.410000000000082,
2019-11-19,1470.65,1475.23,1464.72,1472.31,70981,15,0,1487.789512530238,0.0,1.0,1.5299999999999727,
2019-11-20,1473.67,1478.75,1465.88,1471.05,80216,14,0,1487.4175233628994,0.0,1.0,-1.259999999999991,
2019-11-21,1474.9,1475.59,1462.28,1464.32,84627,14,0,1486.9042450659458,0.0,1.0,-6.730000000000018,
2019-11-22,1464.37,1473.18,1461.25,1461.81,69819,14,0,1486.3465951755916,0.0,1.0,-2.509999999999991,
2019-11-25,1460.39,1462.08,1454.0,1454.94,58527,14,0,1485.6486708383563,0.0,1.0,-6.869999999999891,
2019-11-26,1454.94,1462.87,1450.02,1461.3,55649,14,0,1485.1075892641707,0.0,1.0,6.3599999999999,
2019-11-27,1461.11,1461.75,1452.45,1453.93,57103,14,0,1484.414753947189,0.0,1.0,-7.369999999999891,
2019-11-28,1455.75,1458.26,1454.16,1455.74,31775,16,0,1483.777537192807,0.0,1.0,1.8099999999999454,
2019-11-29,1455.39,1466.53,1452.94,1463.83,48203,14,0,1483.3342585885223,0.0,1.0,8.089999999999918,
2019-12-02,1462.43,1465.29,1453.89,1462.45,65523,14,0,1482.8701639532217,0.0,1.0,-1.3799999999998818,
2019-12-03,1461.61,1481.73,1459.78,1477.32,65924,14,0,1482.7468269764834,0.0,1.0,14.86999999999989,
2019-12-04,1476.47,1484.01,1471.35,1474.33,79731,14,0,1482.559786377006,0.0,1.0,-2.990000000000009,
2019-12-05,1474.37,1480.29,1472.86,1475.76,68940,14,0,1482.4086800130726,0.0,1.0,1.4300000000000637,1468.635513108614
2019-12-06,1476.04,1479.82,1458.66,1459.53,63328,14,0,1481.9002649016709,0.0,1.0,-16.230000000000018,1466.4143970037449
2019-12-09,1458.58,1465.35,1458.48,1461.71,46080,16,0,1481.4515923483002,0.0,1.0,2.1800000000000637,1464.5298426966292
2019-12-10,1461.41,1469.17,1459.95,1464.35,66086,14,0,1481.0715569627823,0.0,1.0,2.6399999999998727,1463.3776629213485
2019-12-11,1464.16,1478.84,1462.63,1474.72,63369,14,0,1480.9304112524983,0.0,1.0,10.370000000000118,1462.7031086142322
2019-12-12,1474.89,1486.69,1463.89,1469.4,80536,14,0,1480.6741798913317,0.0,1.0,-5.319999999999936,1461.7262921348317
2019-12-13,1466.57,1478.0,1461.73,1475.44,92543,14,0,1480.5578647826355,0.0,1.0,6.039999999999964,1461.3674382022473
2019-12-16,1474.85,1479.85,1473.09,1475.9,55769,14,0,1480.4543566763548,0.0,1.0,0.4600000000000364,1460.8230561797752
2019-12-17,1475.89,1480.49,1474.12,1475.99,55358,10,0,1480.3551487502134,0.0,1.0,0.08999999999991815,1460.6349737827713
2019-12-18,1475.76,1479.24,1470.38,1475.45,51047,14,0,1480.2461454446532,0.0,1.0,-0.5399999999999636,1460.6158277153556
2019-12-19,1475.3,1481.64,1473.19,1478.7,49593,10,0,1480.211786656994,0.0,1.0,3.25,1460.5218651685393
2019-12-20,1478.94,1480.94,1475.78,1477.93,44501,12,0,1480.1610802868386,0.0,1.0,-0.7699999999999818,1460.0523745318353
2019-12-23,1477.96,1486.09,1477.46,1485.38,44323,10,0,1480.2770562804644,0.0,1.0,7.4500000000000455,1460.1855131086147
2019-12-24,1485.2,1500.44,1484.33,1498.99,39618,14,0,1480.6928994742318,0.0,1.0,13.6099999999999,1460.823123595506
2019-12-26,1503.27,1512.56,1502.27,1511.04,42592,14,0,1481.3672794859156,0.0,1.0,12.049999999999955,1461.9025093632958
2019-12-27,1510.77,1515.29,1507.28,1510.63,54172,14,0,1482.0175621640062,0.0,1.0,-0.4099999999998545,1463.5853632958806
2019-12-30,1511.16,1516.07,1510.7,1514.96,57637,10,0,1482.7496163381393,0.0,1.0,4.329999999999927,1465.4966741573028
2019-12-31,1514.63,1525.23,1514.54,1520.21,52009,14,0,1483.5820693084029,0.0,1.0,5.25,1467.9920074906368
2020-01-02,1520.26,1531.32,1518.38,1528.77,55524,14,0,1484.5862455459937,0.0,1.0,8.559999999999945,1470.8460374531835
2020-01-03,1528.25,1553.43,1527.86,1551.44,95044,14,0,1486.0718845338606,0.0,1.0,22.670000000000073,1474.3933782771537
2020-01-06,1575.89,1582.09,1560.7,1565.63,118721,14,0,1487.8398426553304,0.0,1.0,14.190000000000055,1478.407415730338
2020-01-07,1564.53,1577.32,1555.23,1573.24,96091,7,0,1489.7376239296561,0.0,1.0,7.6099999999999,1482.9129962546813
2020-01-08,1575.99,1611.35,1552.22,1556.36,156878,7,0,1491.2181211756638,0.0,1.0,-16.88000000000011,1487.082996254682
2020-01-09,1554.75,1561.29,1540.2,1552.08,87919,7,0,1492.57060737176,0.0,1.0,-4.279999999999973,1491.145745318352
2020-01-10,1552.91,1563.13,1545.73,1561.76,78711,7,0,1494.1081494301652,0.0,1.0,9.680000000000064,1494.879161048689
2020-01-13,1559.55,1560.6,1546.51,1548.34,72777,7,0,1495.3133016650504,0.0,1.0,-13.420000000000073,1497.7062471910117
2020-01-14,1548.13,1548.85,1535.96,1546.25,85110,7,0,1496.445228294716,0.0,1.0,-2.089999999999918,1500.2394232209745
2020-01-15,1546.37,1558.17,1546.27,1556.22,73629,7,0,1497.7735565548332,0.0,1.0,9.970000000000027,1502.8846516853935
2020-01-16,1555.18,1558.06,1547.98,1552.46,65408,7,0,1498.9888108536145,0.0,1.0,-3.759999999999991,1505.5525093632962
2020-01-17,1552.29,1561.21,1549.33,1556.83,64606,7,0,1500.274170612423,0.0,1.0,4.369999999999891,1508.4266516853932
2020-01-20,1559.0,1562.76,1556.35,1560.5,31344,7,0,1501.6125223765912,0.0,1.0,3.6700000000000728,1511.1854906367043
2020-01-21,1560.88,1568.59,1546.3,1557.91,84727,7,0,1502.8635774348893,0.0,1.0,-2.589999999999918,1513.9973183520597
2020-01-22,1558.01,1559.22,1550.15,1558.6,68635,7,0,1504.1021646030028,0.0,1.0,0.6899999999998272,1516.86068164794
2020-01-23,1558.55,1567.91,1551.85,1562.8,80486,7,0,1505.4065609451582,0.0,1.0,4.2000000000000455,1519.6851835206
2020-01-24,1561.79,1575.95,1556.49,1570.9,81710,7,0,1506.8619707019325,0.0,1.0,8.100000000000136,1522.9330861423223
2020-01-27,1580.71,1588.28,1575.87,1581.88,105097,7,0,1508.5290380196673,0.0,1.0,10.980000000000018,1527.0119925093632
2020-01-28,1580.91,1583.03,1565.44,1567.78,83057,7,0,1509.8457260636746,0.0,1.0,-14.100000000000136,1530.5500674157302
2020-01-29,1568.65,1578.0,1563.35,1577.11,72438,7,0,1511.340487706704,0.0,1.0,9.329999999999927,1534.669647940075
2020-01-30,1575.25,1585.99,1572.22,1573.85,96702,7,0,1512.7295879798883,0.0,1.0,-3.259999999999991,1537.99208988764
2020-01-31,1575.06,1590.48,1570.87,1588.83,97516,7,0,1514.4207082470018,0.0,1.0,14.980000000000018,1541.9446516853936
2020-02-03,1588.65,1592.0,1569.28,1576.3,91040,7,0,1515.7958036192906,0.0,1.0,-12.529999999999973,1545.1016779026224
2020-02-04,1578.56,1579.61,1548.97,1552.74,81029,7,0,1516.616785761084,0.0,1.0,-23.559999999999945,1546.611265917603
2020-02-05,1553.18,1562.41,1547.38,1556.41,84219,7,0,1517.5010794108375,0.0,1.0,3.6700000000000728,1548.3821123595505
2020-02-06,1554.67,1568.23,1552.46,1566.46,71100,7,0,1518.58905542393,0.0,1.0,10.049999999999955,1551.0009887640451
2020-02-07,1565.81,1574.05,1560.08,1570.0,97707,7,0,1519.7315208589537,0.0,1.0,3.5399999999999636,1553.836808988765
2020-02-10,1569.27,1577.01,1567.96,1571.87,72137,8,0,1520.8901537287547,0.0,1.0,1.8699999999998909,1556.699041198502
2020-02-11,1572.09,1574.05,1561.92,1567.63,75255,7,0,1521.928816979227,0.0,1.0,-4.239999999999782,1559.071063670412
2020-02-12,1567.49,1570.46,1561.95,1565.73,65805,7,0,1522.9021766019107,0.0,1.0,-1.900000000000091,1561.5777977528094
2020-02-13,1566.13,1578.33,1565.51,1575.98,80200,7,0,1524.0816837885347,0.0,1.0,10.25,1564.4910486891386
2020-02-14,1575.91,1585.01,1573.02,1583.69,60275,7,0,1525.4063130376785,0.0,1.0,7.710000000000036,1567.4218501872665
2020-02-17,1581.25,1583.78,1578.85,1580.86,30617,7,0,1526.6386171923969,0.0,1.0,-2.8300000000001546,1570.037243445693
2020-02-18,1583.69,1605.05,1583.23,1601.35,78332,7,0,1528.298870143677,0.0,1.0,20.49000000000001,1573.6031835205997
2020-02-19,1601.17,1612.91,1599.53,1611.34,81876,7,0,1530.1442285849287,0.0,1.0,9.990000000000009,1577.2591535580523
2020-02-20,1610.97,1623.73,1603.84,1619.26,105222,7,0,1532.124579060819,0.0,1.0,7.920000000000073,1581.358973782772
2020-02-21,1619.7,1649.23,1618.92,1643.73,115265,7,0,1534.6046995261343,0.0,1.0,24.470000000000027,1586.5039550561798
2020-02-24,1659.37,1689.25,1650.83,1658.5,156168,7,0,1537.3579284255536,0.0,1.0,14.769999999999982,1592.1365243445694
2020-02-25,1657.47,1658.77,1624.98,1635.26,176551,7,0,1539.5335300160968,0.0,1.0,-23.24000000000001,1596.483827715356
2020-02-26,1638.13,1654.95,1624.73,1640.5,161690,7,0,1541.7772293490723,0.0,1.0,5.240000000000009,1601.0328239700373
2020-02-27,1641.12,1660.37,1635.19,1644.23,163430,7,0,1544.0539575857595,0.0,1.0,3.730000000000018,1605.7217003745322
2020-02-28,1641.91,1649.46,1562.93,1584.7,186323,7,0,1544.9572029727424,0.0,1.0,-59.52999999999997,1607.9160074906365
2020-03-02,1581.79,1610.94,1575.31,1589.75,171570,7,0,1545.952598462237,0.0,1.0,5.0499999999999545,1610.3005393258434
2020-03-03,1590.45,1649.29,1589.58,1639.48,146391,7,0,1548.030985163076,0.0,1.0,49.73000000000002,1614.5576404494382
2020-03-04,1642.09,1653.13,1631.81,1635.73,124231,7,0,1549.9798521594519,0.0,1.0,-3.75,1618.4346741573036
2020-03-05,1636.57,1674.57,1634.97,1671.58,121017,7,0,1552.6820776670195,0.0,1.0,35.84999999999991,1623.9583895131086
2020-03-06,1671.61,1692.09,1641.97,1674.06,164891,7,0,1555.3793648299747,0.0,1.0,2.480000000000018,1629.8313483146069
2020-03-09,1695.92,1703.44,1657.41,1678.15,151869,7,0,1558.1076011670864,0.0,1.0,4.0900000000001455,1635.8035430711616
2020-03-10,1667.73,1671.42,1641.49,1649.37,143340,7,0,1560.1356544744845,0.0,1.0,-28.7800000000002,1640.2814531835202
2020-03-11,1651.93,1671.24,1632.94,1636.63,128334,7,0,1561.8355288194957,0.0,1.0,-12.739999999999782,1643.5140074906367
2020-03-12,1640.1,1650.07,1560.59,1578.63,158775,7,0,1562.2087392901735,0.0,1.0,-58.0,1644.2116928838955
2020-03-13,1576.3,1597.91,1504.62,1529.78,192149,2,0,1561.4881006392807,0.0,1.0,-48.850000000000136,1642.198337078652
2020-03-16,1543.04,1562.94,1451.13,1509.09,219115,2,0,1560.3236984028522,0.0,1.0,-20.690000000000055,1639.0044794007488
2020-03-17,1511.75,1553.85,1465.42,1527.8,208552,2,0,1559.6009495494552,0.0,1.0,18.710000000000036,1636.530786516854
2020-03-18,1537.29,1543.29,1472.61,1484.63,192152,2,0,1557.9349284483562,0.0,1.0,-43.169999999999845,1632.1097677902624
2020-03-19,1485.3,1500.77,1461.89,1474.34,137143,2,0,1556.077263371726,0.0,1.0,-10.290000000000191,1627.3691685393262
2020-03-20,1467.47,1515.93,1465.83,1498.64,104650,5,0,1554.8008797412433,0.0,1.0,24.300000000000182,1623.8674606741572
2020-03-23,1490.2,1561.08,1485.0,1552.39,110268,2,0,1554.7473046358823,0.0,1.0,53.75,1622.6395955056184
2020-03-24,1563.45,1632.3,1557.62,1625.33,74427,2,0,1556.3158089773071,0.0,1.0,72.93999999999983,1624.6482397003747
2020-03-25,1630.56,1638.85,1594.95,1616.35,63879,2,0,1557.6499021111447,0.0,1.0,-8.980000000000018,1626.1786292134832
2020-03-26,1612.4,1644.37,1595.26,1628.93,52710,2,0,1559.2339042864526,0.0,1.0,12.580000000000155,1628.128779026217
2020-03-27,1630.2,1631.06,1613.83,1622.55,58020,0,0,1560.6409286356425,0.0,1.0,-6.380000000000109,1629.5274681647943
2020-03-30,1619.97,1632.25,1610.39,1620.31,65237,2,0,1561.9669079992948,0.0,1.0,-2.240000000000009,1630.6522322097376
2020-03-31,1621.75,1622.22,1574.19,1576.78,83749,2,0,1562.2960878215326,0.0,1.0,-43.52999999999997,1629.5800898876407
2020-04-01,1571.41,1599.96,1569.33,1591.26,72363,2,0,1562.9397303143874,0.0,1.0,14.480000000000018,1629.1995430711618
2020-04-02,1590.36,1620.17,1582.65,1611.66,100031,2,0,1564.0224029740675,0.0,1.0,20.40000000000009,1629.4576029962552
2020-04-03,1614.39,1626.04,1605.85,1615.7,68469,0,0,1565.1707940190881,0.0,1.0,4.039999999999964,1629.816734082397
2020-04-06,1614.62,1669.88,1608.35,1658.19,94932,2,0,1567.2378874853307,0.0,1.0,42.49000000000001,1632.1156779026214
2020-04-07,1664.81,1674.02,1642.16,1647.94,113280,2,0,1569.0312677634345,0.0,1.0,-10.25,1633.7850262172283
2020-04-08,1647.27,1656.87,1641.58,1645.4,70588,18,0,1570.7283507020247,0.0,1.0,-2.5399999999999636,1635.5373333333337
2020-04-09,1645.41,1690.43,1643.86,1683.56,100976,18,0,1573.2357206864242,0.0,1.0,38.159999999999854,1638.7830187265918
2020-04-13,1677.47,1723.27,1674.98,1711.98,79657,18,0,1576.3189268933927,0.0,1.0,28.420000000000073,1643.160127340824
2020-04-14,1712.25,1747.4,1708.56,1726.54,121755,18,0,1579.6571729624284,0.0,1.0,14.559999999999945,1647.6390486891391
2020-04-15,1726.54,1731.11,1707.52,1716.5,101927,18,0,1582.6981246743744,0.0,1.0,-10.039999999999964,1651.5232359550564
2020-04-16,1716.49,1738.66,1708.01,1718.38,120139,18,0,1585.7132774593883,0.0,1.0,1.8800000000001091,1655.3589812734085
2020-04-17,1718.48,1718.52,1680.1,1682.14,126136,18,0,1587.8560935158464,0.0,1.0,-36.24000000000001,1657.6358576779035
2020-04-20,1683.02,1702.7,1671.55,1695.28,149666,18,0,1590.2432914377164,0.0,1.0,13.139999999999873,1660.2185318352062
2020-04-21,1695.4,1697.86,1660.03,1683.54,159877,18,0,1592.3165516279894,0.0,1.0,-11.740000000000009,1662.2488913857685
2020-04-22,1683.79,1718.74,1680.29,1714.87,96972,18,0,1595.0399615918118,0.0,1.0,31.329999999999927,1665.5183295880156
2020-04-23,1714.66,1738.78,1707.0,1730.31,135452,18,0,1598.0459624453272,0.0,1.0,15.440000000000055,1669.2931535580524
2020-04-24,1730.56,1736.35,1710.36,1726.41,124540,18,0,1600.8984966132086,0.0,1.0,-3.8999999999998636,1672.692981273408
2020-04-27,1722.32,1727.59,1705.87,1714.94,122739,18,0,1603.432752244026,0.0,1.0,-11.470000000000027,1675.4709438202246
2020-04-28,1714.9,1716.16,1691.54,1707.65,120584,18,0,1605.7486910830476,0.0,1.0,-7.289999999999964,1677.732464419476
2020-04-29,1708.02,1717.67,1697.76,1712.89,123365,18,0,1608.12960905898,0.0,1.0,5.240000000000009,1680.2209063670418
2020-04-30,1712.95,1721.72,1681.24,1685.98,131530,18,0,1609.8596177465581,0.0,1.0,-26.910000000000082,1681.655490636705
2020-05-01,1686.02,1705.47,1670.4,1699.6,146791,18,0,1611.8538484633011,0.0,1.0,13.61999999999989,1683.8227265917603
2020-05-04,1698.03,1713.44,1691.64,1701.0,90399,18,0,1613.8348740530055,0.0,1.0,1.400000000000091,1685.9013782771542
2020-05-05,1701.13,1712.04,1689.63,1704.71,93525,18,0,1615.854321296272,0.0,1.0,3.7100000000000364,1688.0986966292141
2020-05-06,1704.51,1708.06,1681.14,1685.19,86078,18,0,1617.3951141563548,0.0,1.0,-19.519999999999982,1689.4091760299627
2020-05-07,1685.19,1722.01,1684.14,1715.25,93033,18,0,1619.5696671751023,0.0,1.0,30.059999999999945,1692.116928838952
2020-05-08,1715.52,1723.6,1701.09,1702.09,112340,18,0,1621.4034523489888,0.0,1.0,-13.160000000000082,1694.6128314606742
2020-05-11,1702.38,1711.8,1691.53,1697.64,112436,18,0,1623.0975978523445,0.0,1.0,-4.449999999999818,1697.118097378277
2020-05-12,1697.67,1710.95,1693.61,1702.26,101722,18,0,1624.8567623445147,0.0,1.0,4.619999999999891,1699.8996704119854
2020-05-13,1702.09,1718.08,1698.93,1715.3,133767,18,0,1626.866612070192,0.0,1.0,13.039999999999964,1702.781573033708
2020-05-14,1715.31,1736.39,1711.0,1730.06,124146,18,0,1629.159798468632,0.0,1.0,14.759999999999991,1706.1005543071165
2020-05-15,1730.06,1751.68,1728.61,1741.85,144595,18,0,1631.6640251693289,0.0,1.0,11.789999999999964,1710.0248014981278
2020-05-18,1747.36,1765.08,1727.5,1732.2,145651,18,0,1633.8981579433437,0.0,1.0,-9.649999999999864,1713.0860973782776
2020-05-19,1732.05,1748.03,1725.6,1744.24,150585,18,0,1636.350198877936,0.0,1.0,12.039999999999964,1716.4948089887644
2020-05-20,1744.07,1753.8,1742.3,1747.21,120833,18,0,1638.8137500139817,0.0,1.0,2.9700000000000273,1720.1105168539325
2020-05-21,1747.24,1748.79,1717.1,1726.76,126972,18,0,1640.768111124782,0.0,1.0,-20.450000000000045,1722.5948838951315
2020-05-22,1726.7,1740.09,1724.25,1735.45,99319,18,0,1642.872153099787,0.0,1.0,8.690000000000055,1725.4309438202256
2020-05-25,1732.11,1733.34,1721.55,1728.22,64718,18,0,1644.7687719197918,0.0,1.0,-7.230000000000018,1727.8961498127346
2020-05-26,1726.06,1735.41,1708.65,1710.31,112094,18,0,1646.2252436549074,0.0,1.0,-17.910000000000082,1729.385992509363
2020-05-27,1710.41,1715.99,1693.62,1709.57,91160,0,0,1647.6329049070205,0.0,1.0,-0.7400000000000091,1730.7444794007495
2020-05-28,1709.27,1727.57,1707.27,1718.68,91368,5,0,1649.21172924242,0.0,1.0,9.110000000000127,1732.4868764044943
2020-05-29,1719.54,1737.69,1712.75,1730.41,86023,5,0,1651.0161352592552,0.0,1.0,11.730000000000018,1734.812936329588
2020-06-01,1735.4,1744.51,1726.84,1739.48,86512,5,0,1652.9819989201605,0.0,1.0,9.069999999999936,1737.6671011235953
2020-06-02,1737.81,1745.09,1721.3,1727.45,83030,5,0,1654.6368433886014,0.0,1.0,-12.029999999999973,1739.5546966292134
2020-06-03,1727.04,1731.75,1689.21,1698.26,97747,5,0,1655.6062468688544,0.0,1.0,-29.190000000000055,1740.2423071161056
2020-06-04,1699.17,1721.73,1696.99,1712.8,90044,5,0,1656.8772191606577,0.0,1.0,14.539999999999964,1741.4085018726596
2020-06-05,1714.75,1716.04,1670.55,1684.3,107874,5,0,1657.4866142904207,0.0,1.0,-28.5,1741.5476928838957
2020-06-08,1680.52,1700.67,1677.22,1698.39,86257,5,0,1658.3955784173002,0.0,1.0,14.090000000000146,1741.9565018726598
2020-06-09,1700.09,1720.83,1692.11,1714.16,95378,5,0,1659.6347877858045,0.0,1.0,15.769999999999982,1742.4413707865174
2020-06-10,1715.38,1739.75,1708.2,1737.83,97211,5,0,1661.3724591683422,0.0,1.0,23.669999999999845,1743.9338876404497
2020-06-11,1737.94,1744.63,1721.27,1728.56,113901,5,0,1662.8655156312677,0.0,1.0,-9.269999999999982,1745.1066666666668
2020-06-12,1729.22,1743.03,1722.14,1730.57,99214,5,0,1664.3700597283505,0.0,1.0,2.009999999999991,1746.3264044943821
2020-06-15,1730.76,1734.13,1704.11,1725.24,114171,5,0,1665.7227250677206,0.0,1.0,-5.329999999999927,1747.2323295880146
2020-06-16,1725.27,1732.84,1716.41,1726.41,101815,5,0,1667.0713311773268,0.0,1.0,1.1700000000000728,1747.9797977528096
2020-06-17,1725.0,1730.23,1712.6,1726.19,75069,5,0,1668.3850793733861,0.0,1.0,-0.22000000000002728,1748.5559101123595
2020-06-18,1725.79,1737.59,1717.3,1722.48,80514,5,0,1669.5871887206442,0.0,1.0,-3.7100000000000364,1749.0782022471917
2020-06-19,1722.81,1745.28,1721.17,1742.26,74320,5,0,1671.2021400824076,0.0,1.0,19.779999999999973,1750.5381872659175
2020-06-22,1747.68,1763.2,1742.74,1754.55,94028,5,0,1673.0543147472429,0.0,1.0,12.289999999999964,1752.3589513108625
2020-06-23,1753.97,1771.07,1747.29,1766.95,91526,5,0,1675.1408855306374,0.0,1.0,12.400000000000091,1755.0580749063668
2020-06-24,1769.08,1779.43,1760.68,1761.28,97480,5,0,1677.0550880744008,0.0,1.0,-5.670000000000073,1757.6070636704123
2020-06-25,1759.56,1768.87,1755.26,1763.63,80846,5,0,1678.9789750060809,0.0,1.0,2.3500000000001364,1760.3255730337082
2020-06-26,1764.15,1772.03,1747.43,1769.57,77404,5,0,1680.9921088948347,0.0,1.0,5.939999999999827,1763.7483445692885
2020-06-29,1770.32,1775.43,1765.61,1772.6,65040,5,0,1683.0278398082828,0.0,1.0,3.0299999999999727,1767.542674157303
2020-06-30,1771.9,1785.94,1764.69,1780.54,64578,5,0,1685.1947767014321,0.0,1.0,7.940000000000055,1771.0801947565544
2020-07-01,1781.61,1789.08,1759.22,1769.84,83087,5,0,1687.0757816636224,0.0,1.0,-10.700000000000045,1774.1537602996266
2020-07-02,1771.4,1779.39,1757.43,1774.97,71827,5,0,1689.0289865155419,0.0,1.0,5.130000000000109,1777.4409812734086
2020-07-03,1776.49,1777.1,1772.66,1774.9,30087,5,0,1690.9372312596408,0.0,1.0,-0.06999999999993634,1779.2894232209737
2020-07-06,1773.37,1787.0,1769.86,1784.25,60393,5,0,1693.01084834276,0.0,1.0,9.349999999999909,1781.5220973782775
2020-07-07,1785.22,1797.34,1773.47,1794.6,71877,5,0,1695.2683850462543,0.0,1.0,10.349999999999909,1785.18402247191
2020-07-08,1795.13,1817.92,1791.52,1808.45,69808,5,0,1697.7835320452261,0.0,1.0,13.850000000000136,1789.257580524345
2020-07-09,1809.37,1815.91,1795.42,1802.32,76806,5,0,1700.1065646664433,0.0,1.0,-6.130000000000109,1793.7364644194763
2020-07-10,1802.06,1810.43,1793.98,1798.57,62639,5,0,1702.294641007189,0.0,1.0,-3.75,1798.0074157303372
2020-07-13,1799.11,1813.31,1797.73,1802.27,71138,5,0,1704.5163156514736,0.0,1.0,3.7000000000000455,1802.440531835206
2020-07-14,1802.13,1810.84,1790.63,1808.99,80509,5,0,1706.837953081441,0.0,1.0,6.720000000000027,1806.430921348315
2020-07-15,1807.97,1815.04,1802.45,1809.97,65442,5,0,1709.1297763462978,0.0,1.0,0.9800000000000182,1810.0587640449446
2020-07-16,1810.53,1813.29,1794.9,1796.84,63581,5,0,1711.0788924274912,0.0,1.0,-13.13000000000011,1811.6731161048692
2020-07-17,1798.09,1811.95,1795.75,1809.68,48289,5,0,1713.2700281513246,0.0,1.0,12.840000000000146,1812.5937228464418
2020-07-20,1808.04,1820.53,1805.62,1817.21,69408,5,0,1715.5798053035173,0.0,1.0,7.529999999999973,1813.1725093632963
2020-07-21,1817.92,1843.47,1815.59,1841.48,84616,5,0,1718.3775874078835,0.0,1.0,24.269999999999982,1815.0135505617977
2020-07-22,1840.95,1872.02,1840.74,1871.22,126022,5,0,1721.774085465486,0.0,1.0,29.74000000000001,1816.9638651685395
2020-07-23,1873.97,1898.36,1863.64,1885.97,137686,5,0,1725.422883566253,0.0,1.0,14.75,1819.0452359550563
2020-07-24,1889.65,1906.5,1881.29,1901.63,97339,5,0,1729.3385972647807,0.0,1.0,15.660000000000082,1822.0564269662927
2020-07-27,1902.64,1945.62,1902.54,1940.96,137360,5,0,1734.041295103341,0.0,1.0,39.32999999999993,1827.711797752809
2020-07-28,1943.28,1981.16,1906.63,1957.98,162655,5,0,1739.0177107677112,0.0,1.0,17.019999999999982,1835.4674007490642
2020-07-29,1962.16,1980.75,1941.33,1970.82,110719,5,0,1744.168872750651,0.0,1.0,12.839999999999918,1843.339490636704
2020-07-30,1971.04,1971.32,1939.44,1957.54,124775,5,0,1748.9104533561922,0.0,1.0,-13.279999999999973,1850.6418501872663
2020-07-31,1955.5,1983.97,1955.33,1975.02,123851,5,0,1753.9351099482767,0.0,1.0,17.480000000000018,1858.327213483146
2020-08-03,1983.53,1984.9,1960.39,1975.98,93017,5,0,1758.8694408383149,0.0,1.0,0.9600000000000364,1865.7406441947564
2020-08-04,1977.36,2019.82,1966.66,2018.53,99875,5,0,1764.6396754863522,0.0,1.0,42.549999999999955,1873.7899400749063
2020-08-05,2021.19,2055.57,2009.39,2038.96,153351,5,0,1770.7356826977664,0.0,1.0,20.430000000000064,1882.7366292134834
2020-08-06,2040.28,2069.74,2034.44,2063.25,135426,5,0,1777.236000860038,0.0,1.0,24.289999999999964,1892.8798801498126
2020-08-07,2066.55,2074.87,2015.37,2033.15,188063,5,0,1782.9229786187038,0.0,1.0,-30.09999999999991,1901.44538576779
2020-08-10,2026.31,2049.85,2019.15,2027.61,134556,5,0,1788.3604679827326,0.0,1.0,-5.540000000000191,1910.408187265918
2020-08-11,2026.64,2029.92,1901.25,1912.57,198468,5,0,1791.1206798053386,0.0,1.0,-115.03999999999996,1913.7797677902624
2020-08-12,1915.36,1949.48,1862.58,1918.98,193909,5,0,1793.9619980318867,0.0,1.0,6.410000000000082,1917.179333333333
2020-08-13,1919.72,1966.16,1912.66,1953.64,155604,5,0,1797.5103980756223,0.0,1.0,34.66000000000008,1922.763288389513
2020-08-14,1951.38,1962.37,1932.07,1943.57,134787,5,0,1800.756167007275,0.0,1.0,-10.070000000000164,1928.33854681648
2020-08-17,1944.91,1990.68,1929.4,1984.43,137410,5,0,1804.8378077404466,0.0,1.0,40.86000000000013,1935.8733183520608
2020-08-18,1983.17,2015.57,1975.86,2002.22,149175,5,0,1809.2240786795476,0.0,1.0,17.789999999999964,1943.7755205992512
2020-08-19,2005.1,2006.37,1924.51,1927.66,168877,5,0,1811.8559880422245,0.0,1.0,-74.55999999999995,1948.210786516855
2020-08-20,1931.52,1955.26,1924.54,1946.17,169910,5,0,1814.8407438635084,0.0,1.0,18.50999999999999,1952.4929513108607
2020-08-21,1948.08,1955.97,1911.26,1938.98,149830,5,0,1817.5993939998746,0.0,1.0,-7.190000000000055,1956.554861423221
2020-08-24,1936.69,1961.88,1923.74,1928.38,131802,5,0,1820.0611852443217,0.0,1.0,-10.599999999999909,1959.7019400749064
2020-08-25,1930.34,1937.49,1914.19,1926.87,131524,5,0,1822.4347144611145,0.0,1.0,-1.5100000000002183,1963.3029288389523
2020-08-26,1928.28,1954.82,1902.64,1953.14,134650,5,0,1825.3392763619786,0.0,1.0,26.27000000000021,1968.2530786516854
2020-08-27,1951.92,1976.53,1909.79,1928.32,159239,5,0,1827.627736887268,0.0,1.0,-24.820000000000164,1971.8517602996262
2020-08-28,1929.98,1973.78,1923.15,1964.34,148365,5,0,1830.665787178662,0.0,1.0,36.01999999999998,1976.6333408239707
2020-08-31,1969.07,1976.54,1954.23,1968.22,99691,5,0,1833.7225474635804,0.0,1.0,3.880000000000109,1981.2357602996265
2020-09-01,1968.35,1992.29,1963.35,1970.63,110904,5,0,1836.764935297723,0.0,1.0,2.410000000000082,1985.8672584269668
2020-09-02,1968.21,1973.26,1932.39,1943.08,115889,5,0,1839.1274922911068,0.0,1.0,-27.550000000000182,1988.4834082397003
2020-09-03,1942.01,1950.94,1921.75,1930.45,121698,5,0,1841.1568813513045,0.0,1.0,-12.629999999999882,1990.6548614232215
2020-09-04,1931.28,1948.36,1916.27,1933.09,122132,5,0,1843.1998395434975,0.0,1.0,2.6399999999998727,1992.8015280898883
2020-09-07,1932.07,1941.37,1924.44,1928.29,53826,5,0,1845.0907319980865,0.0,1.0,-4.7999999999999545,1994.6455805243445
2020-09-08,1929.54,1940.84,1906.54,1931.51,127513,5,0,1847.0111601759068,0.0,1.0,3.2200000000000273,1996.0258127340828
2020-09-09,1931.59,1950.84,1919.95,1947.37,106929,5,0,1849.241356616442,0.0,1.0,15.8599999999999,1998.5979700374528
2020-09-10,1946.3,1966.53,1941.35,1946.01,125077,5,0,1851.3917709138545,0.0,1.0,-1.3599999999999,2000.6404194756556
2020-09-11,1946.32,1954.8,1937.12,1940.48,115707,5,0,1853.3715093379913,0.0,1.0,-5.529999999999973,2002.155760299626
2020-09-14,1937.74,1962.56,1937.36,1956.52,94840,5,0,1855.6636980193691,0.0,1.0,16.039999999999964,2004.3019026217237
2020-09-15,1957.68,1972.21,1948.29,1953.34,101514,5,0,1857.8342825078275,0.0,1.0,-3.1800000000000637,2006.410082397004
2020-09-16,1954.52,1973.64,1949.87,1959.15,114101,5,0,1860.0857428965423,0.0,1.0,5.810000000000173,2008.9284119850188
2020-09-17,1959.47,1960.96,1932.87,1944.2,116066,5,0,1861.9549486099527,0.0,1.0,-14.950000000000045,2010.8793707865175
2020-09-18,1944.43,1960.1,1943.93,1950.42,104181,5,0,1863.9208386408425,0.0,1.0,6.220000000000027,2012.7367940074907
2020-09-21,1949.75,1955.62,1882.71,1911.92,140739,5,0,1864.9874866710459,0.0,1.0,-38.5,2012.99982022472
2020-09-22,1914.34,1920.03,1894.64,1900.34,138128,5,0,1865.773098078356,0.0,1.0,-11.580000000000155,2012.6922097378288
2020-09-23,1900.62,1905.39,1855.67,1862.74,170439,5,0,1865.705695898837,0.0,1.0,-37.59999999999991,2010.1486217228467
2020-09-24,1863.96,1877.15,1848.75,1868.66,185366,5,0,1865.771347101085,0.0,1.0,5.920000000000073,2007.960089887641
2020-09-25,1869.77,1875.18,1852.37,1860.14,143312,5,0,1865.646206054394,0.0,1.0,-8.519999999999982,2005.1327640449442
2020-09-28,1862.9,1882.96,1848.93,1881.84,121920,5,0,1866.006068142074,0.0,1.0,21.699999999999818,2002.7631760299628
2020-09-29,1881.24,1899.12,1875.49,1897.48,121758,5,0,1866.7054888500277,0.0,1.0,15.6400000000001,2000.939677902622
2020-09-30,1897.69,1902.27,1881.34,1885.23,124684,5,0,1867.1171446533604,0.0,1.0,-12.25,1998.6387565543077
2020-10-01,1887.32,1912.12,1884.67,1905.94,129822,5,0,1867.9798747721745,0.0,1.0,20.710000000000036,1997.3919475655441
2020-10-02,1904.72,1917.1,1889.76,1900.58,110455,5,0,1868.7043219994596,0.0,1.0,-5.360000000000127,1995.9805917602991
2020-10-05,1903.47,1918.73,1887.05,1913.65,96742,5,0,1869.703114843916,0.0,1.0,13.070000000000164,1994.7558501872668
2020-10-06,1911.96,1921.09,1876.78,1877.56,103229,5,0,1869.8777122918289,0.0,1.0,-36.090000000000146,1991.1406891385764
2020-10-07,1877.88,1898.01,1872.94,1887.83,94014,5,0,1870.2766520186772,0.0,1.0,10.269999999999982,1988.1718426966297
2020-10-08,1887.27,1900.62,1882.0,1893.5,89931,5,0,1870.792726418262,0.0,1.0,5.670000000000073,1984.6820224719104
2020-10-09,1893.93,1930.41,1893.58,1929.87,93245,5,0,1872.1055547200783,0.0,1.0,36.36999999999989,1982.959490636704
2020-10-12,1926.89,1933.18,1918.2,1922.63,89130,5,0,1873.2283201707432,0.0,1.0,-7.239999999999782,1981.0979775280903
2020-10-13,1923.88,1925.37,1886.37,1891.07,98934,5,0,1873.6248019447266,0.0,1.0,-31.560000000000173,1978.2174307116109
2020-10-14,1892.95,1912.94,1882.46,1900.49,88039,5,0,1874.221806345955,0.0,1.0,9.420000000000073,1975.4300973782783
2020-10-15,1901.54,1908.9,1889.48,1907.92,100016,5,0,1874.9706550938226,0.0,1.0,7.430000000000064,1972.8875131086138
2020-10-16,1908.74,1913.92,1897.76,1898.76,79358,5,0,1875.4993072028487,0.0,1.0,-9.160000000000082,1969.687483146067
2020-10-19,1899.71,1918.47,1896.98,1903.44,81201,5,0,1876.1202114872297,0.0,1.0,4.680000000000064,1966.5905992509365
2020-10-20,1903.5,1914.03,1894.81,1907.53,80173,5,0,1876.8182067875134,0.0,1.0,4.089999999999918,1963.5369213483157
2020-10-21,1910.14,1931.36,1908.41,1924.6,87121,5,0,1877.8800244144575,0.0,1.0,17.069999999999936,1961.018441947565
2020-10-22,1924.65,1925.94,1894.5,1903.67,83858,5,0,1878.453134983025,0.0,1.0,-20.929999999999836,1957.8680599250947
2020-10-23,1904.81,1914.19,1894.29,1901.41,72918,5,0,1878.9632875389577,0.0,1.0,-2.259999999999991,1954.7730711610484
2020-10-26,1901.37,1908.52,1891.21,1901.68,84997,5,0,1879.4681033714253,0.0,1.0,0.2699999999999818,1951.8586591760297
2020-10-27,1902.06,1911.42,1897.84,1907.35,70872,5,0,1880.0877010742824,0.0,1.0,5.669999999999845,1948.9664943820233
2020-10-28,1907.75,1910.87,1869.36,1876.81,107560,5,0,1880.0148632726316,0.0,1.0,-30.539999999999964,1944.6680149812732
2020-10-29,1877.7,1884.97,1859.92,1867.11,101170,5,0,1879.7280885332398,0.0,1.0,-9.700000000000045,1939.9895505617972
2020-10-30,1869.1,1889.79,1864.45,1878.37,102452,5,0,1879.6979087880566,0.0,1.0,11.259999999999991,1935.8037453183524
2020-11-02,1879.27,1896.02,1873.41,1895.06,91898,5,0,1880.0392885927663,0.0,1.0,16.690000000000055,1932.45474906367
2020-11-03,1894.95,1910.55,1886.86,1908.94,83912,5,0,1880.681526624038,0.0,1.0,13.88000000000011,1929.3929438202256
2020-11-04,1909.17,1916.31,1881.82,1903.27,138750,5,0,1881.1834926990593,0.0,1.0,-5.670000000000073,1926.0916404494378
2020-11-05,1903.22,1952.76,1902.45,1949.17,136181,5,0,1882.6943039724135,0.0,1.0,45.90000000000009,1924.7211985018723
2020-11-06,1946.29,1960.29,1935.59,1951.81,129291,5,0,1884.2302083285822,0.0,1.0,2.6399999999998727,1923.5470037453185
2020-11-09,1957.18,1965.46,1850.52,1863.13,178171,5,0,1883.761314810169,0.0,1.0,-88.67999999999984,1918.5606891385771
2020-11-10,1860.97,1890.35,1860.69,1877.39,145814,5,0,1883.6197300366098,0.0,1.0,14.259999999999991,1914.4644943820228
2020-11-11,1875.53,1884.41,1856.43,1865.5,110216,5,0,1883.2170693691294,0.0,1.0,-11.8900000000001,1909.65343071161
2020-11-12,1866.76,1883.81,1862.69,1876.71,108861,5,0,1883.0724678275933,0.0,1.0,11.210000000000036,1905.206194756555
2020-11-13,1877.12,1896.75,1873.97,1889.28,91972,5,0,1883.21041298698,0.0,1.0,12.569999999999936,1901.3391011235954
2020-11-16,1887.89,1899.01,1864.46,1888.66,117953,5,0,1883.3315149206026,0.0,1.0,-0.6199999999998909,1897.5304419475663
2020-11-17,1889.5,1893.43,1876.84,1880.19,92151,5,0,1883.2617034779223,0.0,1.0,-8.470000000000027,1893.3097977528091
2020-11-18,1881.56,1884.82,1863.47,1871.97,88323,5,0,1883.0107767339684,0.0,1.0,-8.220000000000027,1888.3782172284648
2020-11-19,1873.83,1874.13,1852.69,1866.84,88459,5,0,1882.6514261398802,0.0,1.0,-5.130000000000109,1883.4521797752814
2020-11-20,1861.33,1879.75,1860.76,1870.9,69867,5,0,1882.3902833367717,0.0,1.0,4.060000000000173,1878.8319700374532
2020-11-23,1870.86,1876.14,1830.95,1837.49,90322,5,0,1881.3924992626212,0.0,1.0,-33.41000000000008,1873.240389513109
2020-11-24,1838.68,1838.95,1800.25,1807.71,115098,5,0,1879.7551103901183,0.0,1.0,-29.779999999999973,1867.003992509363
2020-11-25,1807.66,1817.63,1801.73,1807.07,80615,5,0,1878.1398857147822,0.0,1.0,-0.6400000000001,1861.1183445692886
2020-11-26,1809.01,1818.22,1805.7,1810.2,48151,5,0,1876.6301104766758,0.0,1.0,3.130000000000109,1855.782037453184
2020-11-27,1810.24,1813.88,1774.33,1786.76,77501,5,0,1874.6329969105273,0.0,1.0,-23.440000000000055,1850.36211235955
2020-11-30,1789.31,1789.86,1764.38,1777.64,99038,5,0,1872.4775969791822,0.0,1.0,-9.11999999999989,1845.0371086142327
2020-12-01,1776.97,1817.27,1775.74,1815.42,84421,5,0,1871.2096503796447,0.0,1.0,37.77999999999997,1841.8054082397007
2020-12-02,1812.97,1832.55,1807.43,1830.72,80494,5,0,1870.309880371208,0.0,1.0,15.299999999999955,1839.0678651685391
2020-12-03,1829.36,1843.91,1823.64,1840.98,89559,5,0,1869.6581052518477,0.0,1.0,10.259999999999991,1837.2715655430716
2020-12-04,1841.28,1848.17,1829.11,1838.6,74001,5,0,1868.96792513514,0.0,1.0,-2.380000000000109,1835.4920599250936
2020-12-07,1836.86,1868.5,1821.99,1863.1,80761,5,0,1868.8375267988035,0.0,1.0,24.5,1835.8544119850196
2020-12-08,1862.91,1875.28,1860.17,1870.83,75510,5,0,1868.8818039810524,0.0,1.0,7.730000000000018,1837.1339176029971
2020-12-09,1869.35,1870.53,1825.4,1839.41,99377,5,0,1868.2268750036956,0.0,1.0,-31.419999999999845,1837.6966067415733
2020-12-10,1838.49,1849.98,1828.62,1835.96,90853,5,0,1867.5098333369467,0.0,1.0,-3.4500000000000455,1837.5980898876396
2020-12-11,1837.03,1847.66,1823.91,1839.91,75786,5,0,1866.896503707237,0.0,1.0,3.9500000000000455,1837.6973558052437
2020-12-14,1837.07,1839.02,1818.34,1827.82,77212,5,0,1866.0281369581871,0.0,1.0,-12.090000000000146,1834.817737827716
2020-12-15,1828.4,1855.32,1825.46,1853.67,74189,5,0,1865.7535116924496,0.0,1.0,25.850000000000136,1833.2880823970036
2020-12-16,1853.88,1865.77,1844.71,1864.06,101568,5,0,1865.715878099284,0.0,1.0,10.389999999999873,1833.0454082397002
2020-12-17,1863.46,1896.19,1862.01,1886.04,95207,5,0,1866.1675252526334,0.0,1.0,21.980000000000018,1833.6149438202244
2020-12-18,1884.71,1889.58,1877.38,1880.55,78474,5,0,1866.4871358025748,0.0,1.0,-5.490000000000009,1834.9031460674155
2020-12-21,1882.51,1906.7,1854.99,1876.25,133851,5,0,1866.7040883402951,0.0,1.0,-4.2999999999999545,1836.478898876405
2020-12-22,1879.31,1884.21,1858.93,1859.91,101321,5,0,1866.5531085993996,0.0,1.0,-16.339999999999918,1835.7513632958805
2020-12-23,1861.01,1878.56,1857.06,1872.63,98019,5,0,1866.688150630524,0.0,1.0,12.720000000000027,1836.0526891385764
2020-12-24,1873.39,1883.46,1869.5,1879.3,55919,5,0,1866.9684139498456,0.0,1.0,6.669999999999845,1836.5423071161044
2020-12-28,1888.4,1900.2,1869.12,1873.05,85663,5,0,1867.1035603065156,0.0,1.0,-6.25,1836.5622097378282
2020-12-29,1875.23,1886.44,1871.71,1878.17,75438,5,0,1867.349481188593,0.0,1.0,5.120000000000118,1836.8159026217234
2020-12-30,1877.31,1894.04,1876.08,1893.81,63365,5,0,1867.9374927177353,0.0,1.0,15.639999999999873,1838.3876179775284
2020-12-31,1893.47,1900.38,1885.41,1893.68,64248,5,0,1868.5095484351189,0.0,1.0,-0.12999999999988177,1839.4402771535579
2021-01-04,1909.07,1944.43,1907.72,1943.23,110285,5,0,1870.1700029143383,0.0,1.0,49.549999999999955,1843.5181722846446
2021-01-05,1941.49,1953.09,1934.31,1950.03,95998,5,0,1871.944669516242,0.0,1.0,6.7999999999999545,1847.9995955056174
2021-01-06,1949.89,1959.29,1900.83,1918.79,143511,5,0,1872.9856768603252,0.0,1.0,-31.24000000000001,1851.1681573033707
2021-01-07,1920.94,1927.64,1906.77,1913.51,105316,5,0,1873.8862173745401,0.0,1.0,-5.279999999999973,1853.5231011235953
2021-01-08,1916.18,1917.48,1828.27,1849.04,155562,5,0,1873.3340792106615,0.0,1.0,-64.47000000000003,1852.7671385767792
2021-01-11,1854.74,1855.59,1817.0,1844.45,120645,5,0,1872.692210783758,0.0,1.0,-4.589999999999918,1851.9286292134834
2021-01-12,1847.51,1863.8,1836.7,1855.31,105679,5,0,1872.3059394330076,0.0,1.0,10.8599999999999,1851.5286067415736
2021-01-13,1855.04,1862.94,1841.91,1844.68,88213,5,0,1871.6920296678295,0.0,1.0,-10.629999999999882,1850.7858202247203
2021-01-14,1847.51,1857.45,1830.94,1846.46,102850,5,0,1871.1313178974333,0.0,1.0,1.7799999999999727,1850.5431460674165
2021-01-15,1847.79,1856.85,1823.39,1827.65,125252,5,0,1870.1650663886014,0.0,1.0,-18.809999999999945,1849.5141947565558
2021-01-18,1828.39,1840.72,1810.29,1837.52,89033,5,0,1869.4396204688549,0.0,1.0,9.86999999999989,1848.8858352059926
2021-01-19,1838.41,1845.51,1833.12,1839.63,109648,5,0,1868.7771844584358,0.0,1.0,2.1100000000001273,1848.7882996254677
2021-01-20,1840.51,1871.73,1832.49,1871.42,125615,5,0,1868.8359136926929,0.0,1.0,31.789999999999964,1850.111812734083
2021-01-21,1871.58,1875.01,1858.32,1869.8,118950,5,0,1868.8573378328551,0.0,1.0,-1.6200000000001182,1851.5556554307118
2021-01-22,1869.76,1870.81,1837.4,1854.67,132569,5,0,1868.5420636587917,0.0,1.0,-15.129999999999882,1852.061805243446
2021-01-25,1858.02,1867.93,1847.11,1855.94,137306,5,0,1868.2620177997073,0.0,1.0,1.2699999999999818,1852.8309213483155
2021-01-26,1855.26,1861.73,1848.4,1851.43,110758,5,0,1867.8879729597138,0.0,1.0,-4.509999999999991,1852.606322097379
2021-01-27,1851.58,1853.11,1831.35,1843.83,143666,5,0,1867.3533513383868,0.0,1.0,-7.600000000000136,1851.8309288389514
2021-01-28,1842.66,1864.0,1834.0,1842.61,171059,5,0,1866.8034990864226,0.0,1.0,-1.2200000000000273,1850.1990037453188
2021-01-29,1843.12,1875.69,1839.59,1847.59,192328,5,0,1866.3765324400576,0.0,1.0,4.980000000000018,1848.9352808988776
2021-02-01,1855.57,1871.78,1849.15,1860.55,220293,5,0,1866.2470539413896,0.0,1.0,12.960000000000036,1848.0686441947569
2021-02-02,1859.37,1864.05,1829.53,1837.65,180506,5,0,1865.611563853803,0.0,1.0,-22.899999999999864,1846.677280898877
2021-02-03,1837.38,1844.98,1829.81,1834.21,128024,5,0,1864.9137513237185,0.0,1.0,-3.4400000000000546,1845.5184494382024
2021-02-04,1834.12,1834.74,1784.9,1793.12,158695,5,0,1863.318334627636,0.0,1.0,-41.090000000000146,1842.315767790262
2021-02-05,1795.17,1815.2,1791.98,1813.4,127304,5,0,1862.2090383025775,0.0,1.0,20.2800000000002,1840.543745318352
2021-02-08,1817.35,1839.19,1807.77,1830.13,136422,5,0,1861.4961707847422,0.0,1.0,16.730000000000018,1839.4599700374536
2021-02-09,1830.87,1848.56,1828.83,1837.64,123760,5,0,1860.9660336561922,0.0,1.0,7.509999999999991,1839.0545767790263
2021-02-10,1838.59,1855.31,1834.05,1842.35,123670,5,0,1860.5523440193876,0.0,1.0,4.709999999999809,1838.1032659176037
2021-02-11,1843.91,1847.54,1821.2,1825.47,105907,5,0,1859.7727363745123,0.0,1.0,-16.87999999999988,1836.6631086142322
2021-02-12,1826.11,1830.68,1810.52,1824.17,110731,5,0,1858.9815644550786,0.0,1.0,-1.2999999999999545,1835.3396254681652
2021-02-15,1824.88,1827.02,1816.07,1818.72,71964,5,0,1858.0868630227433,0.0,1.0,-5.4500000000000455,1834.6445168539324
2021-02-16,1819.62,1826.42,1789.48,1794.56,149750,5,0,1856.675154955571,0.0,1.0,-24.160000000000082,1832.8022247191013
2021-02-17,1792.65,1795.15,1769.47,1776.7,153764,5,0,1854.8979292898916,0.0,1.0,-17.8599999999999,1829.5573333333327
2021-02-18,1776.95,1789.62,1768.42,1775.44,148265,5,0,1853.1321975278938,0.0,1.0,-1.259999999999991,1826.5541123595506
2021-02-19,1776.46,1791.63,1760.64,1783.05,159459,5,0,1851.5748153606073,0.0,1.0,7.6099999999999,1824.1478501872662
2021-02-22,1786.78,1812.69,1780.68,1809.04,177046,5,0,1850.6295972414825,0.0,1.0,25.99000000000001,1822.777902621724
2021-02-23,1809.4,1816.01,1795.6,1805.07,158899,5,0,1849.6171617472273,0.0,1.0,-3.9700000000000273,1821.4048764044942
2021-02-24,1806.6,1813.94,1783.63,1805.33,162824,5,0,1848.633002597289,0.0,1.0,0.2599999999999909,1820.2089363295881
2021-02-25,1803.65,1804.23,1765.28,1770.25,225865,5,0,1846.8911580951271,0.0,1.0,-35.07999999999993,1817.9227940074907
2021-02-26,1772.25,1775.76,1717.18,1733.84,243495,5,0,1844.3789101374575,0.0,1.0,-36.41000000000008,1813.6728014981281
2021-03-01,1737.79,1759.89,1719.63,1724.79,188016,5,0,1841.7213788010697,0.0,1.0,-9.049999999999955,1809.099273408239
2021-03-02,1723.03,1738.77,1707.2,1738.77,181720,5,0,1839.433570383268,0.0,1.0,13.980000000000018,1805.2819550561808
2021-03-03,1738.15,1740.49,1701.86,1711.71,175583,5,0,1836.5952688191953,0.0,1.0,-27.059999999999945,1800.5181722846442
2021-03-04,1710.88,1723.19,1690.54,1698.6,218170,5,0,1833.5287072898798,0.0,1.0,-13.110000000000127,1794.6352509363287
2021-03-05,1697.83,1707.62,1687.28,1700.76,192230,5,0,1830.5782915723269,0.0,1.0,2.160000000000082,1788.7633033707864
2021-03-08,1706.24,1714.29,1676.82,1682.53,185032,5,0,1827.288329537386,0.0,1.0,-18.230000000000018,1782.463325842697
2021-03-09,1684.52,1720.58,1680.12,1715.59,160257,5,0,1824.806144436555,0.0,1.0,33.059999999999945,1778.146179775281
2021-03-10,1715.33,1726.57,1708.2,1726.33,149898,5,0,1822.6177856712982,0.0,1.0,10.740000000000009,1774.7500299625465
2021-03-11,1726.56,1739.82,1719.27,1722.38,142465,5,0,1820.390279323047,0.0,1.0,-3.949999999999818,1771.1886816479403
2021-03-12,1721.63,1727.96,1699.21,1726.92,149733,5,0,1818.313162004757,0.0,1.0,4.539999999999964,1768.994936329588
2021-03-15,1728.56,1734.54,1721.66,1732.11,132634,5,0,1816.3975361824291,0.0,1.0,5.189999999999827,1767.2563670411985
2021-03-16,1731.86,1741.21,1726.25,1731.85,125856,5,0,1814.5187020450417,0.0,1.0,-0.2599999999999909,1763.6780674157305
2021-03-17,1732.35,1751.63,1724.17,1744.54,136197,5,0,1812.963619777374,0.0,1.0,12.690000000000055,1761.0793857677904
2021-03-18,1748.74,1755.46,1719.25,1736.49,161388,5,0,1811.2642060045437,0.0,1.0,-8.049999999999955,1757.957258426967
2021-03-19,1735.77,1746.72,1728.5,1745.14,139589,5,0,1809.7947792044426,0.0,1.0,8.650000000000091,1755.5659625468168
2021-03-22,1743.8,1744.33,1727.39,1738.68,129700,5,0,1808.2144507776773,0.0,1.0,-6.460000000000036,1753.2701947565542
2021-03-23,1739.58,1742.6,1724.68,1726.89,126605,5,0,1806.4072407603956,0.0,1.0,-11.789999999999964,1750.552247191011
2021-03-24,1727.15,1738.47,1723.79,1733.83,111264,5,0,1804.7944131879424,0.0,1.0,6.939999999999827,1748.0718501872664
2021-03-25,1734.91,1745.43,1721.76,1726.98,131827,5,0,1803.065204005988,0.0,1.0,-6.849999999999909,1745.2136329588018
2021-03-26,1727.94,1736.65,1721.63,1732.7,105918,5,0,1801.501532805855,0.0,1.0,5.720000000000027,1742.6015355805241
2021-03-29,1731.17,1732.84,1705.65,1711.81,109038,5,0,1799.5083876323915,0.0,1.0,-20.8900000000001,1739.257925093633
2021-03-30,1712.68,1714.36,1678.77,1685.06,135333,5,0,1796.9650901294494,0.0,1.0,-26.75,1734.1004868913865
2021-03-31,1684.83,1715.34,1677.86,1707.7,130802,5,0,1794.981421459906,0.0,1.0,22.6400000000001,1729.3885842696625
2021-04-01,1707.4,1730.4,1705.76,1729.49,115912,5,0,1793.5260565385747,0.0,1.0,21.789999999999964,1725.700217228465
2021-04-05,1728.66,1733.57,1721.25,1728.36,88124,5,0,1792.0779219488284,0.0,1.0,-1.1300000000001091,1722.0903595505617
2021-04-06,1728.71,1745.47,1727.16,1743.06,109667,5,0,1790.98863479441,0.0,1.0,14.700000000000045,1718.6647265917604
2021-04-07,1743.28,1744.32,1730.57,1737.57,103223,5,0,1789.801554021201,0.0,1.0,-5.490000000000009,1714.8242546816482
2021-04-08,1737.56,1758.66,1733.14,1756.14,102546,5,0,1789.0535194873962,0.0,1.0,18.570000000000164,1712.6834831460676
2021-04-09,1755.65,1757.32,1731.26,1743.46,110017,5,0,1788.040330165454,0.0,1.0,-12.680000000000064,1710.37054681648
2021-04-12,1742.71,1745.0,1727.48,1732.34,110257,5,0,1786.8025450506661,0.0,1.0,-11.120000000000118,1707.8620898876404
2021-04-13,1733.23,1748.99,1723.7,1745.39,122156,5,0,1785.8822662717623,0.0,1.0,13.050000000000182,1705.958269662921
2021-04-14,1745.66,1749.31,1732.58,1736.25,106297,5,0,1784.7793270212785,0.0,1.0,-9.1400000000001,1704.2708913857673
2021-04-15,1736.26,1769.68,1734.35,1763.5,103270,5,0,1784.3064530874722,0.0,1.0,27.25,1704.0565468164793
2021-04-16,1763.97,1783.79,1759.72,1776.67,100215,5,0,1784.1367541299728,0.0,1.0,13.170000000000073,1703.798576779027
2021-04-19,1775.67,1790.03,1766.76,1770.78,113432,5,0,1783.839937371529,0.0,1.0,-5.8900000000001,1703.2497677902618
2021-04-20,1770.9,1780.41,1763.53,1778.55,110180,5,0,1783.7223832077173,0.0,1.0,7.769999999999982,1703.1819400749064
2021-04-21,1778.16,1797.63,1776.24,1793.92,102562,5,0,1783.9489969142123,0.0,1.0,15.370000000000118,1703.5676629213485
2021-04-22,1793.95,1797.88,1777.45,1784.36,104081,5,0,1783.9581303161187,0.0,1.0,-9.560000000000173,1704.1371760299621
2021-04-23,1784.16,1795.95,1770.01,1776.48,102335,5,0,1783.7919496424272,0.0,1.0,-7.879999999999882,1704.6438352059927
2021-04-26,1775.48,1783.5,1768.84,1781.39,95870,5,0,1783.7385729837065,0.0,1.0,4.910000000000082,1705.9270262172283
2021-04-27,1781.27,1785.55,1773.76,1776.7,90326,0,0,1783.5821602507351,0.0,1.0,-4.690000000000055,1706.9579625468168
2021-04-28,1776.99,1782.54,1762.62,1781.47,104594,0,0,1783.5352233562742,0.0,1.0,4.769999999999982,1708.1808689138577
2021-04-29,1781.96,1789.98,1756.19,1772.28,105898,0,0,1783.2851072816902,0.0,1.0,-9.190000000000055,1708.7014307116112
2021-04-30,1772.61,1773.62,1764.24,1768.97,97490,0,0,1782.9669937865417,0.0,1.0,-3.3099999999999454,1709.4271910112357
2021-05-03,1766.81,1797.91,1766.04,1793.04,90768,0,0,1783.190838369063,0.0,1.0,24.069999999999936,1711.4442546816479
2021-05-04,1792.58,1799.09,1771.01,1779.28,107458,0,0,1783.1039308497504,0.0,1.0,-13.759999999999991,1712.7773632958806
2021-05-05,1778.34,1787.97,1770.49,1787.66,86898,0,0,1783.205176830867,0.0,1.0,8.38000000000011,1714.666119850188
2021-05-06,1786.8,1818.12,1782.0,1815.22,110093,0,0,1783.9166173457365,0.0,1.0,27.559999999999945,1718.1921423220974
2021-05-07,1814.64,1843.3,1812.85,1830.85,126630,0,0,1784.9595814047202,0.0,1.0,15.629999999999882,1722.4648764044948
2021-05-10,1833.04,1845.49,1829.97,1835.54,124892,0,0,1786.0835907068374,0.0,1.0,4.690000000000055,1728.1054307116106
2021-05-11,1836.07,1841.8,1818.09,1836.8,120851,0,0,1787.2106220244632,0.0,1.0,1.259999999999991,1734.0351460674162
2021-05-12,1836.83,1843.68,1813.24,1816.11,137693,0,0,1787.8528304239194,0.0,1.0,-20.690000000000055,1738.433265917603
2021-05-13,1814.87,1828.8,1808.77,1826.93,122267,0,0,1788.7212119700544,0.0,1.0,10.820000000000164,1743.267835205993
2021-05-14,1827.12,1845.93,1819.77,1842.56,101155,0,0,1789.9176294818308,0.0,1.0,15.629999999999882,1747.4092584269663
2021-05-17,1843.52,1868.41,1843.52,1866.65,105152,0,0,1791.6227932711236,0.0,1.0,24.090000000000146,1752.5170411985023
2021-05-18,1866.69,1875.03,1863.2,1869.64,95130,0,0,1793.3565089762096,0.0,1.0,2.990000000000009,1757.9843820224721
2021-05-19,1869.12,1890.09,1852.23,1870.15,155875,0,0,1795.0630309989606,0.0,1.0,0.5099999999999909,1763.224651685393
2021-05-20,1870.06,1883.94,1863.86,1877.28,147676,0,0,1796.8900747545392,0.0,1.0,7.129999999999882,1768.8009513108618
2021-05-21,1877.79,1889.41,1870.1,1881.74,139975,0,0,1798.7756286488827,0.0,1.0,4.460000000000036,1774.1285767790262
2021-05-24,1881.41,1887.02,1875.17,1881.35,128610,0,0,1800.6106146789075,0.0,1.0,-0.39000000000010004,1779.6202471910121
2021-05-25,1880.78,1900.21,1872.71,1899.18,121916,0,0,1802.8010454638206,0.0,1.0,17.830000000000155,1785.9144943820227
2021-05-26,1898.77,1912.74,1890.77,1896.5,122351,0,0,1804.8832444535135,0.0,1.0,-2.6800000000000637,1792.7600749063672
2021-05-27,1896.45,1903.67,1888.28,1896.43,124764,0,0,1806.9176167989908,0.0,1.0,-0.06999999999993634,1799.547370786517
2021-05-28,1897.4,1905.95,1882.27,1903.18,131825,0,0,1809.0567808701244,0.0,1.0,6.75,1806.2730337078651
2021-05-31,1903.74,1910.65,1902.14,1906.62,68155,0,0,1811.2248524063439,0.0,1.0,3.439999999999827,1813.142928838951
2021-06-01,1907.26,1916.58,1892.37,1899.87,123400,0,0,1813.1947445750916,0.0,1.0,-6.75,1819.5751985018735
2021-06-02,1899.65,1909.09,1894.37,1908.66,106790,0,0,1815.316194695645,0.0,1.0,8.790000000000191,1826.1888689138575
2021-06-03,1908.45,1909.64,1865.37,1870.7,132560,0,0,1816.5469459246306,0.0,1.0,-37.960000000000036,1831.048928838951
2021-06-04,1871.33,1896.14,1855.5,1891.51,127130,0,0,1818.2127915707497,0.0,1.0,20.809999999999945,1836.9195505617988
2021-06-07,1890.19,1900.13,1881.57,1898.78,104532,0,0,1820.0031739802885,0.0,1.0,7.269999999999982,1843.369805243446
2021-06-08,1899.1,1903.67,1883.84,1893.06,105052,0,0,1821.6266590029486,0.0,1.0,-5.720000000000027,1849.024022471911
2021-06-09,1891.72,1898.95,1887.33,1888.89,97129,0,0,1823.121399913994,0.0,1.0,-4.169999999999845,1854.3751385767791
2021-06-10,1888.89,1899.86,1869.84,1899.64,126781,0,0,1824.8218132492384,0.0,1.0,10.75,1859.237018726592
2021-06-11,1898.15,1903.03,1874.44,1876.16,118817,0,0,1825.9626618436996,0.0,1.0,-23.480000000000018,1863.4371460674156
2021-06-14,1876.07,1877.62,1844.77,1866.31,118581,0,0,1826.8592693582839,0.0,1.0,-9.850000000000136,1867.5308988764039
2021-06-15,1867.53,1869.16,1851.65,1858.89,94645,0,0,1827.5710633725441,0.0,1.0,-7.419999999999845,1871.4383895131095
2021-06-16,1859.13,1862.91,1803.33,1810.21,112002,0,0,1827.1852619642652,0.0,1.0,-48.680000000000064,1873.2844044943824
2021-06-17,1813.54,1825.33,1767.3,1772.78,186319,0,0,1825.9762561428372,0.0,1.0,-37.430000000000064,1873.120958801498
2021-06-18,1775.49,1797.14,1760.91,1764.52,136136,0,0,1824.6105615618853,0.0,1.0,-8.259999999999991,1872.6027191011237
2021-06-21,1768.64,1786.61,1766.4,1783.25,142895,0,0,1823.691437971621,0.0,1.0,18.730000000000018,1872.834456928839
2021-06-22,1784.05,1790.09,1772.44,1778.63,126279,0,0,1822.6900726833628,0.0,1.0,-4.619999999999891,1872.3456629213488
2021-06-23,1779.76,1794.95,1773.33,1778.4,104888,0,0,1821.7058488459547,0.0,1.0,-0.2300000000000182,1871.4572883895137
2021-06-24,1778.61,1787.97,1772.85,1774.96,110374,0,0,1820.6670522049335,0.0,1.0,-3.4400000000000546,1870.3872958801496
2021-06-25,1776.26,1790.34,1773.7,1781.11,94761,0,0,1819.7880066003793,0.0,1.0,6.149999999999864,1869.7604719101123
2021-06-28,1781.24,1785.74,1770.67,1779.03,87814,0,0,1818.8822731203709,0.0,1.0,-2.0799999999999272,1869.6272209737833
2021-06-29,1778.6,1778.96,1750.69,1761.08,81852,0,0,1817.5977781621405,0.0,1.0,-17.950000000000045,1868.6339400749068
2021-06-30,1762.09,1774.39,1753.33,1769.65,80009,0,0,1816.5322719807596,0.0,1.0,8.570000000000164,1868.0582022471917
2021-07-01,1770.03,1782.78,1765.64,1776.52,74755,0,0,1815.6431103811872,0.0,1.0,6.869999999999891,1867.0244943820228
2021-07-02,1776.28,1795.04,1774.33,1787.33,79540,0,0,1815.0139301504942,0.0,1.0,10.809999999999945,1865.6456329588013
2021-07-05,1787.11,1794.34,1784.47,1791.73,40542,0,0,1814.4965094804832,0.0,1.0,4.400000000000091,1864.2177902621725
2021-07-06,1791.27,1814.97,1790.11,1797.05,88151,0,0,1814.1088092698055,0.0,1.0,5.319999999999936,1863.2890786516855
2021-07-07,1796.31,1809.72,1793.85,1803.59,83421,0,0,1813.8750579526986,0.0,1.0,6.539999999999964,1861.9976554307111
2021-07-08,1803.68,1818.33,1793.83,1802.35,105013,0,0,1813.6189455537499,0.0,1.0,-1.240000000000009,1860.2880000000005
2021-07-09,1802.94,1812.33,1796.38,1808.04,77370,0,0,1813.4949689858888,0.0,1.0,5.690000000000055,1858.8006367041196
2021-07-12,1807.97,1810.82,1791.65,1806.17,66869,0,0,1813.3321918973136,0.0,1.0,-1.8699999999998909,1856.7406067415725
2021-07-13,1806.26,1817.14,1798.6,1807.14,78097,0,0,1813.194587632929,0.0,1.0,0.9700000000000273,1855.3737528089891
2021-07-14,1807.95,1829.73,1804.55,1827.99,80677,0,0,1813.5233745744194,0.0,1.0,20.84999999999991,1855.1011310861422
2021-07-15,1827.44,1834.07,1820.22,1829.45,76139,0,0,1813.8772995838767,0.0,1.0,1.4600000000000364,1854.7281198501878
2021-07-16,1829.87,1832.0,1808.96,1811.51,90910,0,0,1813.8246929264574,0.0,1.0,-17.940000000000055,1853.5840749063668
2021-07-19,1811.29,1817.27,1794.98,1812.61,117655,5,0,1813.7976997503138,0.0,1.0,1.099999999999909,1852.5419101123603
2021-07-20,1812.65,1824.92,1805.1,1810.24,103742,5,0,1813.7186397558621,0.0,1.0,-2.369999999999891,1851.3288614232215
2021-07-21,1810.4,1813.74,1794.68,1803.42,94121,5,0,1813.4897810946206,0.0,1.0,-6.819999999999936,1850.0408539325852
2021-07-22,1803.83,1808.04,1792.74,1806.42,92708,5,0,1813.3326748480733,0.0,1.0,3.0,1848.6604269662926
2021-07-23,1806.98,1810.3,1789.63,1801.93,83504,5,0,1813.0792820736717,0.0,1.0,-4.490000000000009,1847.2235655430713
2021-07-26,1802.26,1811.46,1796.38,1797.65,90431,5,0,1812.736409138701,0.0,1.0,-4.279999999999973,1845.40984269663
2021-07-27,1797.99,1805.22,1793.6,1798.47,88456,5,0,1812.4193778245074,0.0,1.0,0.8199999999999363,1843.3232434456934
2021-07-28,1800.52,1809.82,1792.36,1807.11,91748,5,0,1812.3013916506293,0.0,1.0,8.639999999999873,1841.7208239700376
2021-07-29,1807.34,1832.62,1807.22,1827.79,89520,5,0,1812.6455829472818,0.0,1.0,20.680000000000064,1840.8235280898873
2021-07-30,1828.79,1831.34,1810.2,1814.28,81091,5,0,1812.6819033262311,0.0,1.0,-13.509999999999991,1839.3821872659173
2021-08-02,1814.6,1819.51,1805.78,1813.11,88661,5,0,1812.691416585648,0.0,1.0,-1.1700000000000728,1837.358591760299
2021-08-03,1813.49,1814.99,1807.12,1810.12,71014,5,0,1812.634273994856,0.0,1.0,-2.990000000000009,1834.5258501872665
2021-08-04,1810.26,1831.65,1806.4,1811.6,81473,5,0,1812.6112901283036,0.0,1.0,1.4800000000000182,1832.1736029962549
2021-08-05,1812.03,1814.81,1797.83,1803.73,76504,5,0,1812.4139281254522,0.0,1.0,-7.869999999999891,1829.8853782771544
2021-08-06,1804.65,1804.72,1758.65,1763.18,90320,5,0,1811.3198408337755,0.0,1.0,-40.549999999999955,1825.7240524344566
2021-08-09,1761.08,1762.27,1683.2,1729.58,123735,5,0,1809.5033999263583,0.0,1.0,-33.600000000000136,1820.3820374531833
2021-08-10,1728.91,1738.27,1717.71,1728.74,88755,5,0,1807.7086577057726,0.0,1.0,-0.8399999999999181,1814.889625468165
2021-08-11,1729.71,1754.37,1724.08,1751.5,91167,5,0,1806.459576423422,0.0,1.0,22.75999999999999,1810.8270037453187
2021-08-12,1751.32,1758.15,1741.58,1752.86,77872,5,0,1805.2684747251237,0.0,1.0,1.3599999999999,1806.5430187265918
2021-08-13,1753.17,1779.79,1751.69,1779.7,73095,5,0,1804.7002863978987,0.0,1.0,26.840000000000146,1803.1882921348313
2021-08-16,1779.08,1789.28,1770.8,1787.24,84258,5,0,1804.3122800335009,0.0,1.0,7.539999999999964,1800.4245767790262
2021-08-17,1787.22,1795.46,1780.53,1785.8,84021,5,0,1803.9008960327562,0.0,1.0,-1.4400000000000546,1797.3604794007492
2021-08-18,1786.3,1793.75,1777.32,1787.68,84606,5,0,1803.5404316764727,0.0,1.0,1.8800000000001091,1794.9547116104875
2021-08-19,1787.37,1792.44,1774.41,1780.0,95481,5,0,1803.017310972551,0.0,1.0,-7.680000000000064,1792.4873707865167
2021-08-20,1780.14,1788.37,1778.33,1780.94,74472,5,0,1802.52670406205,0.0,1.0,0.9400000000000546,1789.926719101124
2021-08-23,1781.52,1806.42,1776.44,1805.18,81054,5,0,1802.5856661940045,0.0,1.0,24.24000000000001,1788.604344569288
2021-08-24,1805.41,1809.51,1800.7,1802.83,68351,5,0,1802.5910958341376,0.0,1.0,-2.3500000000001364,1787.5035580524345
2021-08-25,1802.42,1802.78,1782.57,1790.33,71904,5,0,1802.3186270378233,0.0,1.0,-12.5,1785.628831460674
2021-08-26,1791.03,1798.12,1780.07,1791.69,66655,5,0,1802.0824353258715,0.0,1.0,1.3600000000001273,1783.63265917603
2021-08-27,1792.42,1819.09,1784.01,1817.85,73792,5,0,1802.4328256519634,0.0,1.0,26.159999999999854,1782.891565543071
2021-08-30,1818.18,1823.24,1807.76,1810.13,51256,5,0,1802.6038739708085,0.0,1.0,-7.7199999999998,1781.676584269663
2021-08-31,1810.0,1819.15,1801.71,1814.26,69797,5,0,1802.8628989936792,0.0,1.0,4.129999999999882,1780.7262771535588
2021-09-01,1814.47,1820.03,1808.72,1813.77,66557,5,0,1803.1052790160418,0.0,1.0,-0.4900000000000091,1779.5232359550564
2021-09-02,1813.97,1817.15,1804.86,1809.55,48158,5,0,1803.2484950379073,0.0,1.0,-4.220000000000027,1778.0282322097378
2021-09-03,1809.49,1833.95,1808.94,1827.59,64900,5,0,1803.789417370398,0.0,1.0,18.039999999999964,1777.8410037453189
2021-09-06,1828.29,1830.24,1821.42,1823.14,30435,5,0,1804.2194303177225,0.0,1.0,-4.449999999999818,1777.1220149812737
2021-09-07,1823.53,1827.22,1792.04,1793.92,65120,5,0,1803.9905540884397,0.0,1.0,-29.220000000000027,1775.267116104869
2021-09-08,1795.12,1802.11,1782.43,1789.29,69657,5,0,1803.6638751086964,0.0,1.0,-4.630000000000109,1773.8222322097383
2021-09-09,1789.54,1800.9,1783.86,1794.36,69299,5,0,1803.457122328503,0.0,1.0,5.069999999999936,1772.9720749063674
2021-09-10,1793.87,1803.77,1787.24,1787.81,64121,5,0,1803.1094084989804,0.0,1.0,-6.5499999999999545,1771.9651685393258
2021-09-13,1787.35,1798.43,1783.64,1793.37,53287,5,0,1802.892977199003,0.0,1.0,5.559999999999945,1771.2680524344566
2021-09-14,1793.38,1808.58,1779.6,1804.69,68253,5,0,1802.9329110390252,0.0,1.0,11.320000000000164,1770.638808988764
2021-09-15,1803.86,1806.94,1790.75,1793.73,71910,5,0,1802.7284019048245,0.0,1.0,-10.960000000000036,1769.7768913857683
2021-09-16,1794.12,1796.2,1745.24,1752.72,92224,5,0,1801.617104084717,0.0,1.0,-41.00999999999999,1767.4786516853933
2021-09-17,1753.57,1767.47,1747.38,1753.92,93996,5,0,1800.5571684383901,0.0,1.0,1.2000000000000455,1765.8420898876407
2021-09-20,1754.22,1767.05,1742.07,1764.82,96288,5,0,1799.7630091397593,0.0,1.0,10.899999999999864,1764.8388838951307
2021-09-21,1764.46,1781.69,1757.97,1773.89,77017,5,0,1799.1880533810981,0.0,1.0,9.070000000000164,1764.3265018726593
2021-09-22,1774.86,1787.21,1764.72,1767.99,95213,5,0,1798.4947633059626,0.0,1.0,-5.900000000000091,1763.7857003745316
2021-09-23,1768.62,1776.56,1737.43,1742.48,94004,5,0,1797.2499907880522,0.0,1.0,-25.50999999999999,1762.299580524344
2021-09-24,1744.64,1757.71,1740.49,1749.72,73477,5,0,1796.19376877054,0.0,1.0,7.240000000000009,1761.2289812734089
2021-09-27,1749.81,1760.82,1744.84,1750.15,90252,5,0,1795.1705739089723,0.0,1.0,0.43000000000006366,1760.6766591760306
2021-09-28,1750.67,1754.49,1728.1,1733.53,109052,5,0,1793.800783377662,0.0,1.0,-16.62000000000012,1759.4412284644195
2021-09-29,1734.2,1745.48,1721.65,1726.46,99056,5,0,1792.304321524825,0.0,1.0,-7.069999999999936,1758.0138426966298
2021-09-30,1726.64,1764.12,1722.24,1757.16,101418,5,0,1791.523336602051,0.0,1.0,30.700000000000045,1758.2222397003752
2021-10-01,1755.82,1764.28,1749.77,1760.15,93635,5,0,1790.8261513442274,0.0,1.0,2.990000000000009,1758.749460674158
2021-10-04,1760.79,1770.5,1747.79,1769.35,94390,5,0,1790.3489035365778,0.0,1.0,9.199999999999818,1759.641303370787
2021-10-05,1768.61,1769.33,1748.66,1759.87,84128,5,0,1789.6715945690983,0.0,1.0,-9.480000000000018,1760.409475655431
2021-10-06,1760.02,1765.03,1745.95,1762.87,94004,5,0,1789.0760035786739,0.0,1.0,3.0,1760.5686516853934
2021-10-07,1762.95,1766.91,1751.97,1754.91,76394,5,0,1788.3167590547034,0.0,1.0,-7.959999999999809,1760.9244494382021
2021-10-08,1755.94,1781.27,1753.45,1757.1,95076,5,0,1787.623053297932,0.0,1.0,2.189999999999827,1761.6427265917605
2021-10-11,1756.97,1760.97,1750.18,1754.11,75370,5,0,1786.8783187802003,0.0,1.0,-2.990000000000009,1762.2064494382025
2021-10-12,1753.79,1769.31,1750.8,1760.19,85568,5,0,1786.2852450295293,0.0,1.0,6.080000000000155,1763.04925093633
2021-10-13,1760.7,1796.15,1757.91,1792.75,102178,5,0,1786.4289062510952,0.0,1.0,32.559999999999945,1765.6690112359558
2021-10-14,1793.03,1800.57,1786.75,1795.92,79665,5,0,1786.6398194455153,0.0,1.0,3.1700000000000728,1767.9812958801501
2021-10-15,1796.02,1796.47,1764.93,1767.42,91079,5,0,1786.212712346726,0.0,1.0,-28.5,1768.8727865168541
2021-10-18,1767.18,1772.04,1760.31,1764.53,100833,5,0,1785.7308742945766,0.0,1.0,-2.8900000000001,1769.5438876404494
2021-10-19,1764.93,1785.11,1763.0,1768.99,95022,5,0,1785.358854865808,0.0,1.0,4.460000000000036,1769.3888464419479
2021-10-20,1769.43,1788.44,1766.9,1782.06,94540,5,0,1785.2855469799013,0.0,1.0,13.069999999999936,1769.0011835205987
2021-10-21,1782.65,1789.44,1776.53,1783.32,98030,5,0,1785.2418681581255,0.0,1.0,1.259999999999991,1768.4766367041195
2021-10-22,1783.37,1813.79,1782.89,1792.67,109808,5,0,1785.4069377546116,0.0,1.0,9.350000000000136,1768.7721273408242
2021-10-25,1792.93,1809.99,1792.25,1807.43,95376,5,0,1785.8963391378425,0.0,1.0,14.759999999999991,1769.609056179776
2021-10-26,1807.45,1808.39,1782.45,1793.0,89761,5,0,1786.0541982681125,0.0,1.0,-14.430000000000064,1769.7815131086143
2021-10-27,1793.08,1799.05,1783.54,1796.89,98026,5,0,1786.2949938621543,0.0,1.0,3.8900000000001,1770.037647940075
2021-10-28,1796.75,1810.38,1792.25,1798.81,111028,5,0,1786.573105109662,0.0,1.0,1.9199999999998454,1770.5004119850191
2021-10-29,1799.49,1801.2,1771.98,1782.98,118861,5,0,1786.4932583294474,0.0,1.0,-15.829999999999927,1770.2035730337082
2021-11-01,1783.36,1795.79,1779.12,1793.2,88126,5,0,1786.6422970332374,0.0,1.0,10.220000000000027,1769.952074906367
2021-11-02,1792.82,1796.4,1786.41,1787.84,80400,5,0,1786.668912654721,0.0,1.0,-5.360000000000127,1769.6322172284645
2021-11-03,1787.63,1788.2,1758.07,1769.89,95424,5,0,1786.2960479290605,0.0,1.0,-17.949999999999818,1768.659820224719
2021-11-04,1771.35,1798.9,1770.86,1791.71,89121,5,0,1786.4163579750814,0.0,1.0,21.819999999999936,1768.899640449439
2021-11-05,1791.11,1818.27,1785.1,1817.84,98757,5,0,1787.1146611311906,0.0,1.0,26.12999999999988,1770.3898651685397
2021-11-08,1815.69,1826.44,1812.46,1824.14,86785,5,0,1787.9374464393863,0.0,1.0,6.300000000000182,1772.2585093632958
2021-11-09,1824.28,1832.7,1819.23,1831.68,87840,5,0,1788.9095031851778,0.0,1.0,7.539999999999964,1774.5870561797753
2021-11-10,1831.6,1868.55,1822.32,1848.97,104451,5,0,1790.2441808921737,0.0,1.0,17.289999999999964,1777.6308239700375
2021-11-11,1848.98,1866.0,1842.88,1861.77,73362,5,0,1791.8336435390142,0.0,1.0,12.799999999999955,1781.33322846442
2021-11-12,1861.75,1868.61,1845.2,1864.35,86565,5,0,1793.4451181270363,0.0,1.0,2.5799999999999272,1785.0673857677898
2021-11-15,1866.79,1870.3,1856.38,1862.71,78903,5,0,1794.9843377242132,0.0,1.0,-1.6399999999998727,1788.7072808988773
2021-11-16,1863.07,1877.23,1849.67,1849.98,96336,5,0,1796.206463552564,0.0,1.0,-12.730000000000018,1792.2114906367037
2021-11-17,1850.24,1868.03,1849.53,1867.39,83204,5,0,1797.7883199180626,0.0,1.0,17.410000000000082,1796.5014681647936
2021-11-18,1866.24,1870.94,1855.03,1858.81,82994,5,0,1799.1443572532166,0.0,1.0,-8.580000000000155,1799.980689138577
2021-11-19,1859.19,1865.72,1843.0,1845.7,99128,5,0,1800.178927092034,0.0,1.0,-13.1099999999999,1802.8698052434454
2021-11-22,1842.19,1849.15,1802.28,1804.77,111380,5,0,1800.2809509344331,0.0,1.0,-40.930000000000064,1803.8719850187265
2021-11-23,1808.0,1812.45,1782.0,1789.28,107732,5,0,1800.0364853581123,0.0,1.0,-15.490000000000009,1804.040426966292
2021-11-24,1789.1,1796.34,1778.54,1788.64,100596,5,0,1799.783230127932,0.0,1.0,-0.6399999999998727,1804.2585917602994
2021-11-25,1787.93,1795.04,1786.01,1788.42,43784,5,0,1799.5307139028669,0.0,1.0,-0.22000000000002728,1804.3794531835208
2021-11-26,1790.47,1815.55,1780.4,1790.86,103879,5,0,1799.3380313716918,0.0,1.0,2.439999999999827,1804.522089887641
2021-11-29,1788.53,1799.39,1777.64,1784.96,83509,5,0,1799.018519563432,0.0,1.0,-5.899999999999864,1804.427490636704
2021-11-30,1785.12,1808.74,1769.82,1774.43,117288,5,0,1798.472108017578,0.0,1.0,-10.529999999999973,1804.0717977528084
2021-12-01,1775.91,1794.41,1772.17,1781.88,111262,5,0,1798.1033945060763,0.0,1.0,7.4500000000000455,1804.5345543071162
2021-12-02,1781.48,1783.38,1761.97,1768.4,114608,5,0,1797.443319072608,0.0,1.0,-13.480000000000018,1804.1323595505617
2021-12-03,1769.67,1786.12,1766.15,1783.88,113243,5,0,1797.1419119821055,0.0,1.0,15.480000000000018,1804.4223745318357
2021-12-06,1782.0,1787.71,1775.74,1778.37,94257,5,0,1796.7247583825033,0.0,1.0,-5.510000000000218,1804.423580524345
2021-12-07,1778.93,1787.68,1772.35,1784.16,82219,5,0,1796.4455415295586,0.0,1.0,5.790000000000191,1804.7377153558054
2021-12-08,1784.6,1793.15,1779.64,1782.49,86165,5,0,1796.1354183844571,0.0,1.0,-1.6700000000000728,1804.8217453183515
2021-12-09,1783.08,1787.64,1773.27,1775.13,83436,5,0,1795.6686313092468,0.0,1.0,-7.3599999999999,1803.685176029963
2021-12-10,1775.99,1789.41,1770.1,1782.82,82249,5,0,1795.3831061690412,0.0,1.0,7.689999999999827,1802.124456928839
2021-12-13,1782.77,1791.57,1781.83,1786.99,75375,5,0,1795.196592698618,0.0,1.0,4.170000000000073,1800.6892734082396
2021-12-14,1785.95,1789.53,1766.43,1770.58,82804,5,0,1794.6495573053153,0.0,1.0,-16.410000000000082,1798.996681647941
2021-12-15,1771.44,1780.85,1752.34,1777.09,97659,5,0,1794.2593449207525,0.0,1.0,6.509999999999991,1797.6080674157308
2021-12-16,1778.34,1799.55,1775.54,1799.02,99122,5,0,1794.3651372558468,0.0,1.0,21.930000000000064,1797.773640449438
2021-12-17,1798.39,1814.28,1795.94,1797.98,90843,5,0,1794.4454675390502,0.0,1.0,-1.0399999999999636,1798.048217228465
2021-12-20,1800.31,1804.21,1788.29,1790.3,97492,5,0,1794.3533460381825,0.0,1.0,-7.680000000000064,1797.942973782771
2021-12-21,1790.8,1800.52,1785.0,1788.63,82073,5,0,1794.2261605706672,0.0,1.0,-1.6699999999998454,1797.8028014981273
2021-12-22,1788.87,1804.92,1785.86,1803.54,72738,5,0,1794.4331347802079,0.0,1.0,14.909999999999854,1798.1482771535582
2021-12-23,1803.13,1810.63,1798.9,1807.76,66632,5,0,1794.7292873406475,0.0,1.0,4.220000000000027,1798.6837453183525
2021-12-27,1805.97,1813.47,1802.92,1811.82,66267,5,0,1795.1090809552998,0.0,1.0,4.059999999999945,1799.9232734082404
2021-12-28,1811.55,1820.18,1805.05,1806.13,65449,5,0,1795.353990267404,0.0,1.0,-5.689999999999827,1800.8535505617986
2021-12-29,1806.56,1807.71,1789.47,1803.9,74622,5,0,1795.543901594795,0.0,1.0,-2.230000000000018,1801.4019026217231
2021-12-30,1803.71,1817.21,1796.12,1815.08,71293,5,0,1795.9780371149104,0.0,1.0,11.179999999999836,1802.4647490636705
2021-12-31,1814.64,1828.57,1814.2,1828.27,59072,5,0,1796.6956362901344,0.0,1.0,13.190000000000055,1804.680868913858
2022-01-03,1830.63,1831.82,1798.32,1801.2,87227,5,0,1796.7957332614646,0.0,1.0,-27.069999999999936,1805.519348314607
2022-01-04,1802.46,1816.74,1798.51,1814.36,95966,5,0,1797.1860503000987,0.0,1.0,13.159999999999854,1807.0389288389513
2022-01-05,1813.84,1829.6,1808.32,1810.53,91086,5,0,1797.482582515652,0.0,1.0,-3.8299999999999272,1808.3781573033702
2022-01-06,1810.06,1811.58,1786.5,1789.72,114463,5,0,1797.3100806819707,0.0,1.0,-20.809999999999945,1808.7052883895124
2022-01-07,1791.18,1798.63,1782.64,1796.3,93200,5,0,1797.2876344445936,0.0,1.0,6.579999999999927,1809.7434681647946
2022-01-10,1794.95,1802.32,1790.36,1801.69,98141,5,0,1797.3854647902692,0.0,1.0,5.3900000000001,1810.94329588015
2022-01-11,1800.41,1823.25,1799.97,1821.43,95816,5,0,1797.91978779493,0.0,1.0,19.74000000000001,1812.374966292134
2022-01-12,1820.14,1828.01,1814.71,1826.14,89178,5,0,1798.5469036217094,0.0,1.0,4.710000000000036,1813.890142322097
2022-01-13,1825.78,1828.14,1812.35,1822.71,88822,5,0,1799.0838613190047,0.0,1.0,-3.4300000000000637,1815.3400599250945
2022-01-14,1821.49,1829.18,1814.7,1817.54,100708,5,0,1799.4939977341378,0.0,1.0,-5.170000000000073,1816.3930636704124
2022-01-17,1817.35,1823.17,1813.2,1819.11,50418,5,0,1799.9299088956013,0.0,1.0,1.5699999999999363,1817.6181273408238
2022-01-18,1818.27,1822.78,1805.79,1813.7,116659,5,0,1800.2359109201434,0.0,1.0,-5.4099999999998545,1818.8391985018727
2022-01-19,1814.08,1843.32,1810.25,1840.63,118270,5,0,1801.1335573441402,0.0,1.0,26.930000000000064,1820.9973932584267
2022-01-20,1840.2,1847.92,1835.95,1839.53,115018,5,0,1801.9868116253815,0.0,1.0,-1.1000000000001364,1822.1502696629223
2022-01-21,1839.26,1843.24,1828.39,1834.63,118667,5,0,1802.7122158114842,0.0,1.0,-4.899999999999864,1823.0485318352062
2022-01-24,1832.9,1844.38,1829.72,1843.16,137348,5,0,1803.6110554601178,0.0,1.0,8.529999999999973,1824.5082621722859
2022-01-25,1842.85,1853.9,1834.94,1847.69,115864,5,0,1804.590587561004,0.0,1.0,4.529999999999973,1826.3133333333335
2022-01-26,1847.49,1850.06,1815.03,1818.84,119417,5,0,1804.9072411707593,0.0,1.0,-28.850000000000136,1826.6555205992518
2022-01-27,1819.89,1822.12,1791.84,1796.7,134786,5,0,1804.7248580336313,0.0,1.0,-22.139999999999873,1825.40788764045
2022-01-28,1797.3,1799.42,1780.3,1791.58,117835,5,0,1804.4327500773284,0.0,1.0,-5.120000000000118,1824.0560599250937
2022-01-31,1788.96,1799.89,1785.57,1796.88,99871,5,0,1804.264911186721,0.0,1.0,5.300000000000182,1822.916771535581
2022-02-01,1797.51,1808.79,1795.77,1800.9,98541,5,0,1804.1901353825717,0.0,1.0,4.019999999999982,1821.5466591760307
2022-02-02,1801.02,1810.77,1794.51,1806.86,87102,5,0,1804.2494657074035,0.0,1.0,5.959999999999809,1820.2306067415732
2022-02-03,1806.94,1808.93,1788.66,1804.88,106335,5,0,1804.2634775805723,0.0,1.0,-1.9799999999997908,1819.4567116104877
2022-02-04,1804.8,1814.88,1792.14,1807.84,105497,5,0,1804.3429558565595,0.0,1.0,2.959999999999809,1818.845078651686
2022-02-07,1808.53,1823.54,1807.84,1820.48,103673,5,0,1804.7015568375248,0.0,1.0,12.6400000000001,1818.963086142322
2022-02-08,1821.2,1828.75,1815.43,1826.03,89692,5,0,1805.1755222411352,0.0,1.0,5.5499999999999545,1819.0750411985023
2022-02-09,1825.75,1835.8,1824.73,1832.87,83092,5,0,1805.790955080221,0.0,1.0,6.839999999999918,1819.5071460674162
2022-02-10,1832.74,1841.92,1821.68,1826.75,123300,5,0,1806.2567116339937,0.0,1.0,-6.119999999999891,1819.4374681647942
2022-02-11,1827.28,1865.45,1820.92,1858.98,134846,5,0,1807.4283402643496,0.0,1.0,32.23000000000002,1820.7875880149809
2022-02-14,1855.86,1874.16,1850.82,1871.74,145102,5,0,1808.857488258475,0.0,1.0,12.759999999999991,1822.5581273408243
2022-02-15,1870.57,1879.51,1844.49,1853.36,111096,5,0,1809.8464329638423,0.0,1.0,-18.38000000000011,1823.5648838951308
2022-02-16,1853.83,1872.57,1850.33,1869.0,101098,5,0,1811.1609566757568,0.0,1.0,15.6400000000001,1825.9247415730342
2022-02-17,1869.85,1901.13,1867.81,1898.25,136437,5,0,1813.096268749629,0.0,1.0,29.25,1829.591415730338
2022-02-18,1898.69,1902.51,1886.58,1897.34,114121,5,0,1814.968351666304,0.0,1.0,-0.9100000000000819,1832.5007715355805
2022-02-21,1902.54,1908.26,1887.62,1903.46,84038,5,0,1816.9348327403861,0.0,1.0,6.120000000000118,1835.5183370786513
2022-02-22,1912.0,1913.98,1891.38,1898.5,149372,5,0,1818.7473920128218,0.0,1.0,-4.960000000000036,1838.3128539325846
2022-02-23,1898.91,1910.49,1889.62,1908.08,101624,5,0,1820.7325610792036,0.0,1.0,9.579999999999927,1841.7274531835208
2022-02-24,1909.79,1974.52,1878.0,1903.77,194530,5,0,1822.5778374996657,0.0,1.0,-4.309999999999945,1844.8854906367037
2022-02-25,1906.5,1921.42,1882.86,1888.25,149053,5,0,1824.0372188885622,0.0,1.0,-15.519999999999982,1847.4775131086144
2022-02-28,1919.79,1926.69,1890.86,1908.26,144843,5,0,1825.908836246594,0.0,1.0,20.00999999999999,1851.2139625468162
2022-03-01,1908.3,1950.17,1901.39,1945.17,143236,5,0,1828.559084330003,0.0,1.0,36.91000000000008,1856.18184269663
2022-03-02,1942.98,1947.87,1913.42,1927.61,134384,5,0,1830.7602157893364,0.0,1.0,-17.560000000000173,1860.347093632959
2022-03-03,1929.27,1941.18,1922.08,1936.62,119807,5,0,1833.1126554384623,0.0,1.0,9.009999999999991,1864.8557677902625
2022-03-04,1936.72,1970.19,1929.56,1969.74,142983,5,0,1836.1488186509407,0.0,1.0,33.12000000000012,1870.3692134831456
2022-03-07,1980.67,2002.61,1961.03,1997.24,196672,5,0,1839.7286226809197,0.0,1.0,27.5,1877.187782771535
2022-03-08,1997.23,2070.3,1981.08,2050.15,198331,5,0,1844.4046532880104,0.0,1.0,52.91000000000008,1886.0714082397
2022-03-09,2050.01,2059.24,1976.04,1992.39,163223,5,0,1847.6932165482767,0.0,1.0,-57.75999999999999,1891.8024868913867
2022-03-10,1991.87,2009.1,1970.26,1996.01,130688,5,0,1850.989145069426,0.0,1.0,3.619999999999891,1898.0172209737834
2022-03-11,1997.35,1998.88,1958.56,1985.22,92301,5,0,1853.9720529567721,0.0,1.0,-10.789999999999964,1904.189250936329
2022-03-14,1979.73,1983.64,1949.7,1951.44,91098,5,0,1856.1380073355106,0.0,1.0,-33.77999999999997,1908.8845767790262
2022-03-15,1953.28,1954.5,1907.05,1917.56,99796,5,0,1857.5029405058326,0.0,1.0,-33.88000000000011,1912.1566666666663
2022-03-16,1920.11,1929.49,1895.01,1924.83,96954,5,0,1858.9990973834806,0.0,1.0,7.269999999999982,1916.0742621722845
2022-03-17,1925.74,1949.74,1923.35,1942.56,77105,5,0,1860.8560063305142,0.0,1.0,17.730000000000018,1921.006247191011
2022-03-18,1942.17,1945.36,1917.97,1920.74,76973,5,0,1862.1867617453918,0.0,1.0,-21.819999999999936,1924.9713632958806
2022-03-21,1925.11,1941.02,1917.69,1934.91,86440,5,0,1863.8028337066053,0.0,1.0,14.170000000000073,1929.483625468165
2022-03-22,1936.13,1938.35,1910.67,1921.53,87653,5,0,1865.085659624236,0.0,1.0,-13.38000000000011,1933.064411985019
2022-03-23,1921.25,1948.28,1915.51,1944.86,81077,5,0,1866.8584227436975,0.0,1.0,23.329999999999927,1938.0139026217241
2022-03-24,1944.37,1966.2,1937.54,1956.95,96136,5,0,1868.8604577938377,0.0,1.0,12.090000000000146,1943.2468689138575
2022-03-25,1958.89,1964.37,1943.2,1957.24,89859,5,0,1870.8244476206414,0.0,1.0,0.2899999999999636,1948.124531835205
2022-03-28,1955.63,1958.52,1917.02,1921.82,135330,5,0,1871.9576821179605,0.0,1.0,-35.42000000000007,1950.4334906367044
2022-03-29,1922.35,1929.36,1890.02,1919.31,126619,5,0,1873.0099558486725,0.0,1.0,-2.509999999999991,1952.195752808989
2022-03-30,1920.13,1938.45,1915.81,1933.13,99642,5,0,1874.345956829813,0.0,1.0,13.820000000000164,1954.4570037453186
2022-03-31,1933.15,1949.76,1919.1,1936.88,103869,5,0,1875.7356022335948,0.0,1.0,3.75,1956.7708089887647
2022-04-01,1937.15,1939.6,1918.06,1924.09,100483,5,0,1876.8101444061817,0.0,1.0,-12.790000000000191,1958.4629887640453
2022-04-04,1924.07,1936.82,1915.5,1932.72,94779,5,0,1878.0525856415998,0.0,1.0,8.63000000000011,1960.3041872659185
2022-04-05,1932.48,1944.58,1917.97,1923.62,95000,5,0,1879.065194849564,0.0,1.0,-9.100000000000136,1961.3959026217228
2022-04-06,1923.02,1933.41,1915.15,1925.61,114996,5,0,1880.099523852907,0.0,1.0,1.990000000000009,1962.63122846442
2022-04-07,1924.08,1937.72,1920.47,1931.25,99273,5,0,1881.23620110062,0.0,1.0,5.6400000000001,1963.7052284644196
2022-04-08,1931.72,1948.13,1927.67,1946.4,98330,5,0,1882.6842855206062,0.0,1.0,15.150000000000091,1965.6746591760311
2022-04-11,1947.6,1969.78,1940.0,1954.81,118601,5,0,1884.2870791757039,0.0,1.0,8.409999999999854,1967.7702097378283
2022-04-12,1952.27,1978.68,1949.81,1966.38,115216,5,0,1886.1113663051326,0.0,1.0,11.570000000000164,1970.3750411985018
2022-04-13,1966.8,1981.59,1962.81,1977.76,100307,5,0,1888.148002609463,0.0,1.0,11.379999999999882,1973.3087865168545
2022-04-14,1977.13,1980.35,1960.38,1973.19,103260,5,0,1890.0378247736971,0.0,1.0,-4.569999999999936,1975.7288988764049
2022-04-18,1972.39,1998.43,1971.66,1978.71,114849,5,0,1892.008317556504,0.0,1.0,5.519999999999982,1978.4174157303366
2022-04-19,1977.54,1982.0,1943.81,1949.19,122648,5,0,1893.2790216108037,0.0,1.0,-29.519999999999982,1979.7482771535588
2022-04-20,1949.81,1958.33,1939.32,1957.63,123682,5,0,1894.7090433527858,0.0,1.0,8.440000000000055,1980.9618801498123
2022-04-21,1956.03,1957.32,1936.84,1951.74,120391,5,0,1895.976397944946,0.0,1.0,-5.8900000000001,1981.921355805245
2022-04-22,1950.28,1955.63,1926.68,1931.91,129730,5,0,1896.7749224350584,0.0,1.0,-19.829999999999927,1982.3664344569293
2022-04-25,1932.72,1934.26,1891.43,1897.67,155239,5,0,1896.7948130476127,0.0,1.0,-34.24000000000001,1981.175370786517
2022-04-26,1898.55,1911.27,1895.77,1906.14,124208,5,0,1897.0024838687768,0.0,1.0,8.470000000000027,1980.1113782771538
2022-04-27,1906.03,1907.03,1881.42,1885.53,129329,0,0,1896.7475397828039,0.0,1.0,-20.610000000000127,1978.0122322097375
2022-04-28,1885.48,1896.72,1872.04,1894.22,136439,0,0,1896.6913722320749,0.0,1.0,8.690000000000055,1976.5596104868923
2022-04-29,1895.11,1919.83,1892.48,1896.42,130267,0,0,1896.6853417380287,0.0,1.0,2.2000000000000455,1975.231123595506
2022-05-02,1899.29,1899.86,1854.6,1863.21,118986,0,0,1895.9414452549613,0.0,1.0,-33.210000000000036,1972.4597528089887
2022-05-03,1863.44,1878.13,1850.38,1868.01,106602,0,0,1895.3207464715176,0.0,1.0,4.7999999999999545,1969.734157303371
2022-05-04,1868.01,1889.81,1861.42,1881.75,105286,0,0,1895.019174327706,0.0,1.0,13.740000000000009,1967.5193333333336
2022-05-05,1881.9,1909.77,1872.57,1877.2,147709,0,0,1894.623192675979,0.0,1.0,-4.5499999999999545,1965.296344569289
2022-05-06,1876.3,1892.56,1866.06,1882.37,133035,0,0,1894.3508995054017,0.0,1.0,5.169999999999845,1963.5517153558048
2022-05-09,1883.46,1885.59,1851.63,1854.13,144766,0,0,1893.457101738615,0.0,1.0,-28.23999999999978,1959.9101872659187
2022-05-10,1853.22,1865.39,1835.49,1838.24,139294,0,0,1892.2300550333123,0.0,1.0,-15.8900000000001,1955.822486891387
2022-05-11,1838.98,1858.15,1831.97,1852.3,133536,0,0,1891.3427204770164,0.0,1.0,14.059999999999945,1952.2522097378285
2022-05-12,1851.39,1858.77,1821.53,1821.94,147591,0,0,1889.8004377997495,0.0,1.0,-30.3599999999999,1946.8412509363304
2022-05-13,1822.63,1828.76,1799.06,1811.66,115205,0,0,1888.0639836264218,0.0,1.0,-10.279999999999973,1941.0997003745315
2022-05-16,1814.33,1826.89,1786.84,1824.79,108297,0,0,1886.65789510139,0.0,1.0,13.129999999999882,1936.04804494382
2022-05-17,1824.95,1836.05,1812.86,1814.52,105592,0,0,1885.0548307658037,0.0,1.0,-10.269999999999982,1930.968801498127
2022-05-18,1814.35,1824.71,1807.32,1817.35,99690,0,0,1883.550278971008,0.0,1.0,2.8299999999999272,1926.1256479400745
2022-05-19,1816.31,1849.15,1810.96,1841.17,112284,0,0,1882.6084949938745,0.0,1.0,23.820000000000164,1922.2647191011238
2022-05-20,1841.91,1849.44,1832.38,1845.71,92305,0,0,1881.7885284384552,0.0,1.0,4.539999999999964,1918.4744269662929
2022-05-23,1847.95,1865.39,1843.32,1853.6,92035,0,0,1881.1621166953782,0.0,1.0,7.889999999999873,1915.047011235955
2022-05-24,1853.3,1869.67,1849.4,1866.14,73402,0,0,1880.8282918799255,0.0,1.0,12.540000000000191,1912.0263895131084
2022-05-25,1865.24,1868.05,1842.05,1853.79,76578,0,0,1880.2274409492604,0.0,1.0,-12.350000000000136,1909.0258501872659
2022-05-26,1852.72,1854.37,1840.78,1850.85,85299,0,0,1879.5746089281658,0.0,1.0,-2.9400000000000546,1905.8608014981266
2022-05-27,1850.63,1862.0,1847.96,1852.98,71429,0,0,1878.983617618651,0.0,1.0,2.130000000000109,1902.6712958801497
2022-05-30,1852.24,1863.96,1848.22,1855.1,47882,0,0,1878.4528705604587,0.0,1.0,2.119999999999891,1899.7534232209741
2022-05-31,1856.03,1857.09,1835.1,1838.26,85700,0,0,1877.5596956591153,0.0,1.0,-16.839999999999918,1896.184164794007
2022-06-01,1836.74,1850.02,1828.5,1846.64,87039,0,0,1876.8725913111348,0.0,1.0,8.38000000000011,1892.3440074906366
2022-06-02,1847.13,1870.37,1844.13,1868.36,71969,0,0,1876.683422615332,0.0,1.0,21.7199999999998,1888.9454082397008
2022-06-03,1868.8,1874.09,1847.38,1851.16,66139,0,0,1876.1162354461023,0.0,1.0,-17.199999999999818,1884.6179250936325
2022-06-06,1850.56,1857.82,1839.84,1842.14,70516,0,0,1875.3612079917445,0.0,1.0,-9.019999999999982,1879.9662771535588
2022-06-07,1840.79,1855.52,1837.03,1852.01,70501,0,0,1874.8422922585946,0.0,1.0,9.86999999999989,1875.8072659176025
2022-06-08,1852.56,1859.62,1844.61,1852.83,68372,0,0,1874.3531302084036,0.0,1.0,0.8199999999999363,1871.7801423220983
2022-06-09,1852.74,1855.32,1840.03,1847.94,76898,0,0,1873.7661717593278,0.0,1.0,-4.889999999999873,1867.45797752809
2022-06-10,1847.73,1876.0,1825.13,1871.57,108302,0,0,1873.7173679424538,0.0,1.0,23.62999999999988,1864.2143970037455
2022-06-13,1878.2,1878.78,1819.06,1819.11,135566,0,0,1872.5038708770658,0.0,1.0,-52.460000000000036,1858.8886666666672
2022-06-14,1815.05,1831.55,1805.17,1809.31,120799,0,0,1871.099562635353,0.0,1.0,-9.799999999999955,1853.2555730337078
2022-06-15,1807.31,1841.82,1807.31,1833.77,149000,0,0,1870.2700167990117,0.0,1.0,24.460000000000036,1848.8697153558044
2022-06-16,1833.07,1857.23,1815.32,1856.47,130247,0,0,1869.9633497590337,0.0,1.0,22.700000000000045,1845.348876404494
2022-06-17,1853.58,1853.62,1833.94,1840.39,106475,0,0,1869.3061642088328,0.0,1.0,-16.079999999999927,1841.819393258427
2022-06-20,1835.91,1846.03,1834.48,1838.41,60387,0,0,1868.61958278197,0.0,1.0,-1.9800000000000182,1838.503071161049
2022-06-21,1837.77,1843.63,1828.67,1833.41,85637,0,0,1867.8371476090372,0.0,1.0,-5.0,1834.5777078651688
2022-06-22,1832.38,1847.93,1823.48,1838.32,104772,0,0,1867.1812109955029,0.0,1.0,4.9099999999998545,1831.2357453183527
2022-06-23,1837.17,1846.04,1822.58,1823.25,99920,0,0,1866.2049618622693,0.0,1.0,-15.069999999999936,1827.9080524344572
2022-06-24,1823.83,1831.7,1816.92,1827.42,94785,0,0,1865.3430738208856,0.0,1.0,4.170000000000073,1824.8003820224724
2022-06-27,1835.82,1841.03,1820.81,1822.75,99952,0,0,1864.39656106931,0.0,1.0,-4.670000000000073,1821.6762247191011
2022-06-28,1822.65,1829.48,1818.37,1820.62,82501,0,0,1863.4237486011032,0.0,1.0,-2.130000000000109,1818.4069288389514
2022-06-29,1819.14,1833.07,1812.16,1818.25,84542,0,0,1862.4198875210786,0.0,1.0,-2.369999999999891,1815.3065093632956
2022-06-30,1817.97,1825.1,1802.75,1807.16,93535,0,0,1861.1918900206101,0.0,1.0,-11.089999999999918,1811.6864044943825
2022-07-01,1806.65,1809.32,1784.45,1808.94,119807,0,0,1860.030736909041,0.0,1.0,1.7799999999999727,1807.86856928839
2022-07-04,1811.41,1814.26,1803.99,1807.9,59315,0,0,1858.87227608884,0.0,1.0,-1.0399999999999636,1804.5138426966298
2022-07-05,1807.95,1812.13,1763.95,1764.58,109297,0,0,1856.7768921757547,0.0,1.0,-43.320000000000164,1800.149213483146
2022-07-06,1766.12,1772.86,1732.25,1739.08,124697,0,0,1854.16140568296,0.0,1.0,-25.5,1794.3982846441952
2022-07-07,1740.04,1749.12,1736.5,1740.09,98852,0,0,1851.6264855566722,0.0,1.0,1.009999999999991,1789.0356853932592
2022-07-08,1740.59,1752.45,1732.95,1742.45,92256,0,0,1849.2003414331905,0.0,1.0,2.3600000000001273,1784.6688689138578
2022-07-11,1741.09,1744.51,1731.37,1734.02,91528,0,0,1846.6407782902306,0.0,1.0,-8.430000000000064,1780.7177228464423
2022-07-12,1733.57,1744.2,1723.23,1726.09,106343,0,0,1843.9618721060033,0.0,1.0,-7.930000000000064,1777.8022696629218
2022-07-13,1725.84,1745.42,1707.03,1735.49,127180,0,0,1841.5513860592032,0.0,1.0,9.400000000000091,1774.2470112359554
2022-07-14,1735.68,1736.28,1697.61,1709.72,141342,0,0,1838.6217997023318,0.0,1.0,-25.769999999999982,1769.82663670412
2022-07-15,1706.25,1716.62,1699.09,1707.32,110443,0,0,1835.7039819311688,0.0,1.0,-2.400000000000091,1765.2721722846445
2022-07-18,1706.71,1723.95,1705.94,1708.99,108272,0,0,1832.8881156660316,0.0,1.0,1.6700000000000728,1760.2405767790253
2022-07-19,1710.0,1718.42,1705.38,1711.56,98632,0,0,1830.1919353178976,0.0,1.0,2.5699999999999363,1754.7428239700369
2022-07-20,1711.46,1714.46,1692.46,1696.53,90656,0,0,1827.2216700886108,0.0,1.0,-15.029999999999973,1748.8985018726585
2022-07-21,1696.61,1720.32,1680.84,1718.2,107428,0,0,1824.7989663088638,0.0,1.0,21.670000000000073,1744.5813183520595
2022-07-22,1717.99,1739.31,1712.9,1727.38,109099,0,0,1822.634100390889,0.0,1.0,9.180000000000064,1740.347565543072
2022-07-25,1726.64,1736.28,1714.77,1719.64,106336,0,0,1820.3453426044246,0.0,1.0,-7.740000000000009,1736.2350112359545
2022-07-26,1719.11,1728.22,1713.66,1717.2,93441,0,0,1818.053223879882,0.0,1.0,-2.4400000000000546,1731.8751985018728
2022-07-27,1717.38,1740.32,1711.52,1734.33,100623,0,0,1816.1927077936623,0.0,1.0,17.12999999999988,1728.9497677902623
2022-07-28,1734.4,1757.11,1734.06,1755.83,124048,0,0,1814.8513142871363,0.0,1.0,21.5,1727.4039101123597
2022-07-29,1755.29,1767.93,1751.98,1766.0,120806,0,0,1813.7657295252,0.0,1.0,10.170000000000073,1726.4646816479403
2022-08-01,1764.75,1775.23,1758.37,1772.12,111292,0,0,1812.8402688690844,0.0,1.0,6.119999999999891,1725.1432209737827
2022-08-02,1771.71,1788.06,1760.5,1761.04,123396,0,0,1811.6891517831048,0.0,1.0,-11.079999999999927,1723.3878127340822
2022-08-03,1761.28,1772.8,1754.34,1765.47,93674,0,0,1810.662059521258,0.0,1.0,4.430000000000064,1722.2573033707872
2022-08-04,1765.31,1794.95,1763.16,1791.13,85439,0,0,1810.2280137541188,0.0,1.0,25.660000000000082,1722.4706891385763
2022-08-05,1790.95,1794.89,1764.98,1775.42,114726,2,0,1809.4545023373605,0.0,1.0,-15.710000000000036,1721.8115355805237
2022-08-08,1771.34,1790.01,1770.82,1788.98,90152,8,0,1808.9995133965301,0.0,1.0,13.559999999999945,1722.0569588014978
2022-08-09,1788.78,1800.45,1783.23,1794.31,84869,3,0,1808.6730797654961,0.0,1.0,5.329999999999927,1722.4411161048695
2022-08-10,1794.52,1807.87,1787.62,1792.19,106848,5,0,1808.3067891040405,0.0,1.0,-2.119999999999891,1722.8731610486896
2022-08-11,1792.05,1799.31,1783.59,1789.44,103248,5,0,1807.8875271239506,0.0,1.0,-2.75,1723.4103520599253
2022-08-12,1789.81,1802.11,1784.88,1801.62,98803,0,0,1807.7482487434183,0.0,1.0,12.179999999999836,1724.9325093632958
2022-08-15,1801.9,1802.27,1772.98,1779.42,103692,8,0,1807.1187321046757,0.0,1.0,-22.199999999999818,1725.7709812734076
2022-08-16,1779.64,1783.09,1771.47,1775.46,89028,6,0,1806.4152047245718,0.0,1.0,-3.9600000000000364,1726.8258202247184
2022-08-17,1775.74,1782.34,1759.8,1762.0,114566,0,0,1805.428200175137,0.0,1.0,-13.460000000000036,1727.684539325843
2022-08-18,1762.46,1772.4,1755.35,1758.38,102931,0,0,1804.3826846156892,0.0,1.0,-3.619999999999891,1728.4421947565547
2022-08-19,1758.94,1759.31,1745.54,1747.28,105013,0,0,1803.1137360686737,0.0,1.0,-11.100000000000136,1728.9942397003751
2022-08-22,1746.52,1749.06,1727.77,1736.15,104711,0,0,1801.6256530449252,0.0,1.0,-11.129999999999882,1728.5643820224723
2022-08-23,1735.77,1754.11,1730.82,1747.79,106781,0,0,1800.4293051994823,0.0,1.0,11.639999999999873,1728.9981947565534
2022-08-24,1747.65,1755.9,1742.46,1751.29,100665,0,0,1799.3373206394938,0.0,1.0,3.5,1729.6115131086144
2022-08-25,1751.41,1765.5,1749.98,1758.62,100524,0,0,1798.4324912919494,0.0,1.0,7.329999999999927,1730.2533108614239
2022-08-26,1758.55,1758.82,1734.2,1738.08,121563,0,0,1797.0913248187949,0.0,1.0,-20.539999999999964,1729.347715355806
2022-08-29,1735.95,1745.52,1720.31,1737.45,111956,0,0,1795.7659620450438,0.0,1.0,-0.6299999999998818,1728.724157303371
2022-08-30,1737.85,1740.55,1721.18,1724.23,109497,3,0,1794.1762739995984,0.0,1.0,-13.220000000000027,1727.179558052435
2022-08-31,1723.38,1726.52,1709.57,1710.99,119867,0,0,1792.3276901329405,0.0,1.0,-13.240000000000009,1725.3659250936332
2022-09-01,1711.05,1711.39,1688.8,1697.55,124453,2,0,1790.2215192410972,0.0,1.0,-13.440000000000055,1723.1450037453187
2022-09-02,1697.58,1717.98,1694.99,1712.78,114398,0,0,1788.5005965912949,0.0,1.0,15.230000000000018,1720.9998426966295
2022-09-05,1711.56,1715.75,1707.71,1710.07,61978,0,0,1786.7576944448217,0.0,1.0,-2.7100000000000364,1718.9554606741576
2022-09-06,1710.63,1726.77,1699.85,1701.9,120259,0,0,1784.8719679016033,0.0,1.0,-8.169999999999845,1716.9770786516854
2022-09-07,1701.97,1719.39,1691.27,1718.27,127066,0,0,1783.3919241704564,0.0,1.0,16.36999999999989,1715.7546367041193
2022-09-08,1718.58,1728.2,1703.96,1708.42,133708,0,0,1781.7258814111128,0.0,1.0,-9.849999999999909,1714.3321048689136
2022-09-09,1708.68,1729.41,1708.31,1716.85,110922,0,0,1780.2841951575324,0.0,1.0,8.429999999999836,1712.7778277153557
2022-09-12,1718.58,1735.13,1711.95,1724.69,108748,0,0,1779.048768598476,0.0,1.0,7.8400000000001455,1711.3157902621726
2022-09-13,1724.53,1731.82,1697.11,1702.32,125535,0,0,1777.3436848518431,0.0,1.0,-22.37000000000012,1709.2661273408241
2022-09-14,1701.26,1707.11,1693.67,1697.36,126450,0,0,1775.5662696329132,0.0,1.0,-4.960000000000036,1706.427355805244
2022-09-15,1697.56,1698.24,1660.35,1664.56,121070,0,0,1773.0994636410705,0.0,1.0,-32.799999999999955,1702.0013033707874
2022-09-16,1664.71,1680.34,1654.16,1675.01,118818,0,0,1770.91969778238,0.0,1.0,10.450000000000045,1698.442329588015
2022-09-19,1675.02,1680.0,1659.63,1675.71,100231,0,0,1768.8039267205493,0.0,1.0,0.7000000000000455,1694.7957003745319
2022-09-20,1675.9,1679.46,1660.0,1664.76,106315,0,0,1766.4918394600927,0.0,1.0,-10.950000000000045,1690.8327116104872
2022-09-21,1664.75,1688.03,1653.93,1673.73,136446,0,0,1764.4304652498683,0.0,1.0,8.970000000000027,1687.9157303370785
2022-09-22,1671.24,1684.91,1655.67,1671.16,159295,0,0,1762.3577882443158,0.0,1.0,-2.5699999999999363,1685.11261423221
2022-09-23,1671.46,1675.92,1639.75,1644.87,151910,0,0,1759.7469485055533,0.0,1.0,-26.29000000000019,1681.455670411986
2022-09-26,1643.9,1649.76,1621.17,1622.4,180760,0,0,1756.6947940943187,0.0,1.0,-22.4699999999998,1677.2438202247192
2022-09-27,1623.44,1642.45,1623.44,1629.16,147580,0,0,1753.8606875588894,0.0,1.0,6.759999999999991,1673.2357752808982
2022-09-28,1629.88,1662.69,1614.81,1659.88,171207,0,0,1751.7722278353583,0.0,1.0,30.720000000000027,1670.6875880149814
2022-09-29,1659.72,1664.87,1641.53,1660.52,163679,0,0,1749.7444005501281,0.0,1.0,0.6399999999998727,1668.3585992509365
2022-09-30,1660.92,1675.36,1659.24,1660.79,146801,0,0,1747.7676360934588,0.0,1.0,0.2699999999999818,1666.2333483146072
2022-10-03,1663.22,1701.51,1659.72,1699.62,148353,1,0,1746.6976886247153,0.0,1.0,38.82999999999993,1665.5913033707873
2022-10-04,1698.7,1729.49,1695.24,1726.34,146016,4,0,1746.2452955441659,0.0,1.0,26.720000000000027,1666.4223071161043
2022-10-05,1724.98,1727.8,1700.54,1716.25,128807,0,0,1745.5787334209622,0.0,1.0,-10.089999999999918,1667.3855880149815
2022-10-06,1716.16,1725.57,1706.96,1712.49,130355,0,0,1744.8434282338296,0.0,1.0,-3.759999999999991,1667.9101198501878
2022-10-07,1711.79,1714.83,1690.65,1694.8,130306,4,0,1743.7313520508555,0.0,1.0,-17.690000000000055,1667.5540224719098
2022-10-10,1696.55,1699.81,1665.71,1668.03,124012,2,0,1742.0490997830589,0.0,1.0,-26.769999999999982,1666.3469962546815
2022-10-11,1668.12,1683.97,1661.01,1666.1,143042,0,0,1740.361342010102,0.0,1.0,-1.9300000000000637,1665.210913857678
2022-10-12,1666.28,1678.38,1661.38,1673.12,136154,0,0,1738.867089965433,0.0,1.0,7.019999999999982,1664.4150636704114
2022-10-13,1674.08,1682.46,1642.46,1666.19,147839,0,0,1737.2520435217566,0.0,1.0,-6.929999999999836,1663.974906367041
2022-10-14,1666.16,1671.77,1640.19,1644.29,156093,3,0,1735.1862203323842,0.0,1.0,-21.90000000000009,1661.5418501872664
2022-10-17,1645.84,1668.46,1644.06,1650.57,126840,0,0,1733.3058598805533,0.0,1.0,6.279999999999973,1659.297063670412
2022-10-18,1650.47,1660.93,1645.83,1651.92,130558,4,0,1731.4972852165408,0.0,1.0,1.3500000000001364,1657.7805093632958
2022-10-19,1651.91,1654.5,1627.68,1629.01,128397,4,0,1729.2197899895066,0.0,1.0,-22.910000000000082,1655.8977827715362
2022-10-20,1629.24,1645.64,1622.43,1628.03,139743,3,0,1726.9711279897397,0.0,1.0,-0.9800000000000182,1653.7807790262173
2022-10-21,1628.31,1657.74,1617.29,1657.33,180660,4,0,1725.4235473677454,0.0,1.0,29.299999999999955,1653.073258426966
2022-10-24,1659.8,1670.53,1644.01,1649.36,167918,4,0,1723.7332463151288,0.0,1.0,-7.970000000000027,1652.0367865168537
2022-10-25,1649.8,1662.43,1638.2,1653.08,140896,4,0,1722.1631741747926,0.0,1.0,3.7200000000000273,1651.4129213483154
2022-10-26,1652.18,1674.93,1649.68,1664.62,144998,4,0,1720.8844369709084,0.0,1.0,11.539999999999964,1651.0991685393262
2022-10-27,1664.32,1670.83,1654.88,1663.26,160258,4,0,1719.6038939271104,0.0,1.0,-1.3599999999999,1650.937842696629
2022-10-28,1662.6,1667.04,1638.05,1644.6,151188,1,0,1717.9371407287301,0.0,1.0,-18.660000000000082,1649.9698651685394
2022-10-31,1642.98,1645.65,1631.8,1633.56,117975,3,0,1716.0620931569806,0.0,1.0,-11.039999999999964,1648.599558052434
2022-11-01,1632.86,1657.04,1630.65,1647.66,143204,0,0,1714.542046642381,0.0,1.0,14.100000000000136,1647.939258426967
2022-11-02,1647.18,1669.33,1634.74,1635.07,139978,1,0,1712.776001161439,0.0,1.0,-12.590000000000146,1646.6011161048693
2022-11-03,1634.5,1641.0,1616.72,1629.55,148549,0,0,1710.9265344689625,0.0,1.0,-5.519999999999982,1645.1879250936327
2022-11-04,1628.93,1681.72,1628.77,1680.79,163559,0,0,1710.2568337029854,0.0,1.0,51.24000000000001,1646.150277153559
2022-11-07,1674.4,1681.9,1666.9,1675.31,144667,1,0,1709.4802373984744,0.0,1.0,-5.480000000000018,1645.9921722846448
2022-11-08,1674.9,1716.88,1664.71,1712.33,132204,0,0,1709.543565456286,0.0,1.0,37.01999999999998,1646.9639925093634
2022-11-09,1712.23,1722.37,1702.2,1706.92,138346,4,0,1709.4852640017018,0.0,1.0,-5.4099999999998545,1647.7394531835207
2022-11-10,1706.22,1757.19,1703.71,1755.48,152130,0,0,1710.5073692461083,0.0,1.0,48.559999999999945,1650.7388913857678
2022-11-11,1753.59,1772.78,1747.3,1770.15,145499,0,0,1711.832761040639,0.0,1.0,14.670000000000073,1654.1874681647932
2022-11-14,1763.34,1775.09,1753.3,1771.09,142735,4,0,1713.1495885730692,0.0,1.0,0.9399999999998272,1657.472322097378
2022-11-15,1770.64,1786.57,1767.13,1778.72,208619,0,0,1714.6067088270008,0.0,1.0,7.630000000000109,1661.2719101123598
2022-11-16,1777.75,1785.06,1770.35,1773.79,174707,0,0,1715.9218930752895,0.0,1.0,-4.930000000000064,1664.2421348314606
2022-11-17,1773.67,1774.88,1754.51,1760.17,147971,0,0,1716.9051843402829,0.0,1.0,-13.61999999999989,1666.5085018726586
2022-11-18,1760.52,1767.72,1747.55,1750.97,129204,0,0,1717.6621802438322,0.0,1.0,-9.200000000000045,1668.3662172284644
2022-11-21,1751.15,1752.95,1732.54,1737.75,143361,2,0,1718.1085762384134,0.0,1.0,-13.220000000000027,1669.665985018727
2022-11-22,1738.85,1749.74,1737.08,1739.97,128252,0,0,1718.5943856553374,0.0,1.0,2.2200000000000273,1670.706494382023
2022-11-23,1739.97,1753.39,1727.31,1749.4,140515,0,0,1719.2789548629967,0.0,1.0,9.430000000000064,1672.6181872659179
2022-11-24,1749.69,1758.61,1748.67,1755.38,87098,0,0,1720.0812003104857,0.0,1.0,5.980000000000018,1674.9770861423222
2022-11-25,1754.86,1761.24,1746.05,1754.65,103484,0,0,1720.8493958591414,0.0,1.0,-0.7300000000000182,1677.1088164794007
2022-11-28,1754.28,1763.76,1739.63,1741.5,128876,4,0,1721.3082981733826,0.0,1.0,-13.150000000000091,1678.578329588015
2022-11-29,1740.06,1759.05,1740.06,1749.67,150295,2,0,1721.938558213974,0.0,1.0,8.170000000000073,1680.7756554307123
